Name of Movies,Year of release,Certificates,Duration of movie,Genre,Star,Metascore,Votes
Zack Snyder's Justice League,2021,R,242 min,"Action, Adventure, Fantasy",8.1,54        ,"306,300"
Aspirants,2021– ,not rated,45 min,Drama,9.2,nil,"271,868"
WandaVision,2021,TV-PG,350 min,"Action, Comedy, Drama",8.1,nil,"185,659"
Radhe,2021,TV-MA,135 min,"Action, Crime, Thriller",1.8,nil,"163,440"
Godzilla vs. Kong,2021,PG-13,113 min,"Action, Sci-Fi, Thriller",6.4,59        ,"145,698"
Army of the Dead,2021,R,148 min,"Action, Crime, Horror",5.8,57        ,"121,554"
The Falcon and the Winter Soldier,2021,TV-14,50 min,"Action, Adventure, Drama",7.4,nil,"118,084"
Mortal Kombat,2021,R,110 min,"Action, Adventure, Fantasy",6.2,44        ,"117,203"
Nobody,I 2021,R,92 min,"Action, Crime, Drama",7.4,64        ,"109,680"
Raya and the Last Dragon,2021,PG,107 min,"Animation, Action, Adventure",7.4,75        ,"85,601"
Cruella,2021,PG-13,134 min,"Comedy, Crime",7.4,59        ,"77,024"
Lupin,2021– ,TV-MA,45 min,"Action, Crime, Drama",7.5,nil,"74,628"
Invincible,2021– ,TV-MA,364 min,"Animation, Action, Adventure",8.8,nil,"68,953"
Wrath of Man,2021,R,119 min,"Action, Crime, Thriller",7.2,57        ,"64,529"
The Little Things,2021,R,128 min,"Crime, Drama, Thriller",6.3,54        ,"63,785"
Mare of Easttown,2021,TV-MA,410 min,"Crime, Drama, Mystery",8.5,nil,"62,267"
The Mitchells vs the Machines,2021,PG,113 min,"Animation, Adventure, Comedy",7.7,80        ,"62,004"
Master,2021,Not Rated,179 min,"Action, Thriller",7.9,nil,"60,158"
Coming 2 America,2021,PG-13,110 min,Comedy,5.3,52        ,"58,394"
The Dig,2021,PG-13,112 min,"Biography, Drama, History",7.1,73        ,"57,996"
Tandav,2021– ,TV-14,30 min,"Drama, Thriller",3.7,nil,"55,376"
Shadow and Bone,2021– ,TV-14,nil,"Action, Adventure, Drama",7.8,nil,"55,316"
The Conjuring: The Devil Made Me Do It,2021,R,112 min,"Horror, Mystery, Thriller",6.4,53        ,"54,394"
 Attack on Titan,2013–2021,TV-MA,24 min,"Animation, Action, Adventure",9.9,nil,"54,311"
Judas and the Black Messiah,2021,R,126 min,"Biography, Drama, History",7.5,85        ,"51,715"
The Woman in the Window,2021,R,100 min,"Crime, Drama, Mystery",5.7,41        ,"51,703"
The White Tiger,2021,R,125 min,"Crime, Drama",7.1,76        ,"50,426"
Loki,2021– ,TV-14,nil,"Action, Adventure, Fantasy",8.9,nil,"47,939"
Friends: The Reunion,2021 TV Special,TV-14,104 min,"Comedy, Romance",8.1,nil,"45,670"
Behind Her Eyes,2021,TV-MA,298 min,"Drama, Mystery, Thriller",7.2,nil,"45,326"
Tom Clancy's Without Remorse,2021,R,109 min,"Action, Thriller, War",5.8,41        ,"42,248"
 Attack on Titan,2013–2021,TV-MA,24 min,"Animation, Action, Adventure",9.9,nil,"39,836"
 Attack on Titan,2013–2021,TV-MA,24 min,"Animation, Action, Adventure",9.9,nil,"38,151"
Outside the Wire,2021,R,114 min,"Action, Adventure, Fantasy",5.4,45        ,"36,357"
Luca,2021,PG,95 min,"Animation, Adventure, Comedy",7.6,71        ,"35,958"
Stowaway,2021,TV-MA,116 min,"Drama, Sci-Fi, Thriller",5.6,63        ,"34,885"
Thunder Force,2021,PG-13,106 min,"Action, Adventure, Comedy",4.4,34        ,"34,308"
Those Who Wish Me Dead,2021,R,100 min,"Action, Drama, Thriller",6.0,59        ,"33,909"
Ginny & Georgia,2021– ,TV-14,nil,"Comedy, Drama",7.5,nil,"33,578"
Boss Level,2021,TV-MA,94 min,"Action, Mystery, Sci-Fi",6.9,56        ,"32,398"
The Serpent,2021,TV-MA,458 min,"Crime, Drama, Thriller",7.7,nil,"31,239"
Jupiter's Legacy,2021,TV-MA,56 min,"Action, Adventure, Drama",6.8,nil,"29,728"
Fate: The Winx Saga,2021– ,TV-MA,nil,"Action, Adventure, Drama",6.9,nil,"29,595"
Malcolm & Marie,2021,R,106 min,"Drama, Romance",6.7,53        ,"29,235"
The Mauritanian,2021,R,129 min,"Drama, Thriller",7.4,53        ,"28,537"
Drishyam 2,2021,not rated,152 min,"Crime, Drama, Thriller",8.7,nil,"27,551"
Palmer,2021,R,110 min,Drama,7.3,53        ,"25,786"
Sweet Tooth,2021– ,TV-14,nil,"Action, Adventure, Drama",8.0,nil,"25,313"
Tom and Jerry,2021,PG,101 min,"Animation, Comedy, Family",5.3,32        ,"24,901"
Oxygen,2021,TV-14,100 min,"Drama, Fantasy, Sci-Fi",6.5,67        ,"24,818"
Chaos Walking,2021,PG-13,109 min,"Action, Adventure, Fantasy",5.7,38        ,"24,256"
Spiral,2021,R,93 min,"Crime, Horror, Mystery",5.3,40        ,"24,107"
Seaspiracy,2021,TV-MA,89 min,"Documentary, Adventure",8.2,nil,"23,939"
 Attack on Titan,2013–2021,TV-MA,24 min,"Animation, Action, Adventure",9.6,nil,"23,732"
Racket Boys,2021– ,not rated,80 min,"Comedy, Drama, Sport",1.0,nil,"23,446"
Cherry,2021,R,142 min,"Crime, Drama",6.6,44        ,"23,020"
Inside,2021 TV Special,TV-MA,87 min,"Comedy, Drama, Music",8.8,nil,"22,508"
Things Heard & Seen,2021,TV-MA,121 min,"Drama, Horror, Mystery",5.3,49        ,"22,246"
Resident Alien,2021– ,TV-14,44 min,"Comedy, Drama, Mystery",8.2,nil,"21,665"
It's a Sin,2021,TV-MA,239 min,"Comedy, Drama, History",8.7,nil,"21,655"
 WandaVision,2021,TV-PG,30 min,"Action, Comedy, Drama",7.5,nil,"21,400"
Redemption Day,2021,R,99 min,"Action, Drama, Thriller",6.5,22        ,"21,400"
Anne Boleyn,2021– ,not rated,60 min,"Drama, History",3.9,nil,"21,281"
In the Heights,2021,PG-13,143 min,"Drama, Music, Musical",7.6,84        ,"20,364"
 WandaVision,2021,TV-PG,35 min,"Action, Comedy, Drama",8.9,nil,"20,339"
 WandaVision,2021,TV-PG,37 min,"Action, Comedy, Drama",7.8,nil,"20,247"
 WandaVision,2021,TV-14,42 min,"Action, Comedy, Drama",9.1,nil,"19,982"
Seungriho,2021,TV-MA,136 min,"Action, Adventure, Drama",6.6,64        ,"19,716"
Moxie,2021,PG-13,111 min,"Comedy, Drama, Music",6.7,54        ,"19,564"
Night Stalker: The Hunt for a Serial Killer,2021,TV-MA,189 min,"Documentary, Crime, Mystery",7.5,nil,"19,342"
Bad Trip,2021,R,86 min,Comedy,6.6,61        ,"19,021"
 WandaVision,2021,TV-PG,33 min,"Action, Comedy, Drama",8.2,nil,"18,663"
F9: The Fast Saga,2021,PG-13,145 min,"Action, Adventure, Crime",5.5,58        ,"18,153"
To All the Boys: Always and Forever,2021,TV-14,109 min,"Comedy, Drama, Romance",6.3,65        ,"18,070"
Yes Day,2021,PG,86 min,"Comedy, Family",5.7,46        ,"18,067"
 Loki,2021– ,TV-14,51 min,"Action, Adventure, Fantasy",8.8,nil,"17,922"
 WandaVision,2021,TV-PG,47 min,"Action, Comedy, Drama",9.0,nil,"17,886"
 WandaVision,2021,TV-PG,50 min,"Action, Comedy, Drama",8.4,nil,"17,771"
The Innocent,2021,TV-MA,467 min,"Crime, Drama, Mystery",7.9,nil,"17,540"
Wrong Turn,2021,R,109 min,"Horror, Thriller",5.5,46        ,"17,410"
 WandaVision,2021,TV-PG,38 min,"Action, Comedy, Drama",8.9,nil,"17,371"
 Attack on Titan,2013–2021,TV-MA,24 min,"Animation, Action, Adventure",9.3,nil,"16,788"
 WandaVision,2021,TV-PG,38 min,"Action, Comedy, Drama",8.5,nil,"16,217"
Firefly Lane,2021– ,TV-MA,nil,"Drama, Romance",7.5,nil,"15,992"
Below Zero,2021,TV-MA,106 min,"Action, Adventure, Crime",6.2,nil,"15,513"
Karnan,2021,not rated,158 min,"Action, Drama",8.3,nil,"15,366"
The Marksman,2021,PG-13,108 min,"Action, Drama, Thriller",5.6,44        ,"15,120"
 The Falcon and the Winter Soldier,2021,TV-14,47 min,"Action, Adventure, Drama",7.7,nil,"15,119"
Superman and Lois,2021– ,TV-14,42 min,"Action, Adventure, Drama",7.9,nil,"15,011"
Willy's Wonderland,2021,TV-MA,88 min,"Action, Comedy, Horror",5.6,44        ,"14,756"
Crime Scene: The Vanishing at the Cecil Hotel,2021,TV-MA,219 min,"Documentary, Crime, Mystery",5.9,nil,"14,672"
The Map of Tiny Perfect Things,2021,PG-13,98 min,"Comedy, Fantasy, Romance",6.8,61        ,"14,456"
Infinite,2021,PG-13,106 min,"Action, Sci-Fi, Thriller",5.4,28        ,"14,363"
The Nevers,2021– ,TV-MA,58 min,"Action, Drama, Fantasy",7.4,nil,"14,245"
 Attack on Titan,2013–2021,TV-MA,24 min,"Animation, Action, Adventure",9.7,nil,"13,947"
 Loki,2021– ,TV-14,53 min,"Action, Adventure, Fantasy",9.0,nil,"13,935"
 The Falcon and the Winter Soldier,2021,TV-14,53 min,"Action, Adventure, Drama",8.8,nil,"13,662"
Bliss,I 2021,R,103 min,"Drama, Romance, Sci-Fi",5.3,40        ,"13,623"
Them,2021– ,TV-MA,45 min,"Drama, Horror, Thriller",7.3,nil,"13,382"
Fatherhood,2021,PG-13,109 min,"Comedy, Drama",6.7,53        ,"13,245"
 The Falcon and the Winter Soldier,2021,TV-14,47 min,"Action, Adventure, Drama",7.9,nil,"13,059"
Awake,III 2021,TV-MA,96 min,"Action, Adventure, Drama",4.8,35        ,"13,034"
 Attack on Titan,2013–2021,TV-MA,24 min,"Animation, Action, Adventure",8.9,nil,"12,981"
 Attack on Titan,2013–2021,TV-MA,24 min,"Animation, Action, Adventure",9.8,nil,"12,918"
The Irregulars,2021,TV-14,nil,"Crime, Drama, Fantasy",5.9,nil,"12,203"
 Attack on Titan,2013–2021,TV-MA,24 min,"Animation, Action, Adventure",9.7,nil,"12,165"
 The Falcon and the Winter Soldier,2021,TV-14,51 min,"Action, Adventure, Drama",8.0,nil,"12,069"
 Attack on Titan,2013–2021,TV-MA,24 min,"Animation, Action, Adventure",9.1,nil,"11,989"
The Big Bull,2021,not rated,153 min,"Biography, Crime, Drama",6.1,nil,"11,613"
Dota: Dragon's Blood,2021– ,TV-MA,25 min,"Animation, Action, Adventure",8.1,nil,"11,443"
 Attack on Titan,2013–2021,TV-MA,24 min,"Animation, Action, Adventure",9.2,nil,"11,419"
 The Falcon and the Winter Soldier,2021,TV-14,49 min,"Action, Adventure, Drama",7.8,nil,"11,380"
 The Falcon and the Winter Soldier,2021,TV-14,57 min,"Action, Adventure, Drama",8.0,nil,"11,237"
 Attack on Titan,2013–2021,TV-MA,24 min,"Animation, Action, Adventure",9.7,nil,"11,209"
Red Dot,2021,TV-MA,86 min,"Drama, Horror, Thriller",5.5,nil,"11,187"
The One,2021– ,TV-MA,nil,"Crime, Drama, Sci-Fi",6.6,nil,"10,470"
Deadly Illusions,2021,R,114 min,"Drama, Thriller",3.7,nil,"10,267"
Star Wars: The Bad Batch,2021– ,TV-PG,nil,"Animation, Action, Adventure",8.4,nil,"10,234"
The Unholy,2021,PG-13,99 min,"Drama, Horror, Mystery",5.0,36        ,"10,187"
Vakeel Saab,2021,TV-14,153 min,"Action, Crime, Drama",7.9,nil,"10,119"
Paper Lives,2021,TV-MA,96 min,Drama,6.7,nil,"9,856"
Who Killed Sara?,2021– ,TV-MA,nil,"Crime, Drama, Mystery",6.4,nil,"9,815"
Tribes of Europa,2021– ,TV-MA,nil,"Action, Adventure, Drama",6.8,nil,"9,657"
 Loki,2021– ,TV-14,42 min,"Action, Adventure, Fantasy",7.9,nil,"9,653"
The United States vs. Billie Holiday,2021,R,126 min,"Biography, Drama, Music",6.3,52        ,"9,630"
Clarkson's Farm,2021– ,TV-PG,45 min,Documentary,9.3,nil,"9,603"
Stuck Apart,2021,TV-MA,96 min,"Comedy, Drama",6.1,nil,"9,362"
Harga,2021– ,not rated,nil,Drama,9.7,nil,"9,308"
Iste Bu Benim Masalim,2021,not rated,40 min,"Musical, Romance",1.5,nil,"9,221"
Halston,2021,TV-MA,240 min,"Biography, Drama",7.5,nil,"9,140"
Voyagers,2021,PG-13,108 min,"Adventure, Sci-Fi, Thriller",5.4,44        ,"8,895"
The Vault,2021,R,118 min,"Action, Adventure, Thriller",6.4,50        ,"8,747"
Jagame Thandhiram,2021,TV-MA,158 min,"Action, Crime, Drama",6.2,nil,"8,426"
Locked Down,I 2021,R,118 min,"Comedy, Crime, Romance",5.2,42        ,"8,395"
Wish Dragon,2021,PG,98 min,"Animation, Adventure, Comedy",7.2,60        ,"8,365"
Barb and Star Go to Vista Del Mar,2021,PG-13,107 min,Comedy,6.4,64        ,"8,352"
 The Walking Dead,2010–2022,TV-MA,50 min,"Drama, Horror, Thriller",9.3,nil,"7,968"
Finding 'Ohana,2021,PG,123 min,"Action, Adventure, Comedy",6.1,69        ,"7,874"
The Married Woman,2021– ,not rated,30 min,"Drama, Romance",9.4,nil,"7,544"
Mumbai Saga,2021,not rated,135 min,"Action, Crime",6.1,nil,"7,377"
The Girl on the Train,2021,TV-MA,120 min,"Crime, Drama, Mystery",4.4,nil,"7,353"
Ferry,2021,TV-MA,106 min,"Action, Crime, Drama",7.0,nil,"7,318"
The Equalizer,2021– ,TV-14,nil,"Action, Crime, Drama",4.8,nil,"7,195"
Pagglait,2021,TV-14,114 min,"Comedy, Drama",6.9,nil,"7,173"
" Love, Death & Robots",2019– ,TV-MA,18 min,"Animation, Short, Comedy",8.1,nil,"7,134"
 Invincible,2021– ,TV-MA,45 min,"Animation, Action, Adventure",9.7,nil,"7,061"
Time,2021– ,not rated,59 min,"Crime, Drama",8.5,nil,"6,953"
 Aspirants,2021– ,not rated,46 min,Drama,9.6,nil,"6,878"
Kaagaz,2021,not rated,109 min,"Biography, Comedy, Drama",7.5,nil,"6,832"
Sandeep Aur Pinky Faraar,2021,not rated,125 min,"Comedy, Crime, Drama",6.3,nil,"6,774"
Cosmic Sin,2021,R,88 min,"Action, Adventure, Sci-Fi",2.5,9        ,"6,756"
 Invincible,2021– ,TV-MA,48 min,"Animation, Action, Adventure",9.6,nil,"6,689"
Vincenzo,2021– ,Not Rated,80 min,"Comedy, Crime, Romance",8.6,nil,"6,651"
" Love, Death & Robots",2019– ,TV-MA,12 min,"Animation, Short, Comedy",6.5,nil,"6,631"
Sentinelle,2021,TV-MA,80 min,"Action, Crime, Drama",4.7,nil,"6,628"
Debris,2021,TV-PG,nil,"Drama, Mystery, Sci-Fi",6.5,nil,"6,498"
Roohi,2021,not rated,134 min,"Comedy, Horror",4.3,nil,"6,490"
Operation Varsity Blues,2021,R,99 min,"Documentary, Crime, Drama",7.0,70        ,"6,465"
" Love, Death & Robots",2019– ,TV-MA,18 min,"Animation, Short, Comedy",7.9,nil,"6,382"
Music,2021,PG-13,107 min,"Drama, Musical",3.1,23        ,"6,370"
Joji,2021,not rated,113 min,"Crime, Drama",7.9,nil,"6,361"
Bang Baang,2021– ,not rated,18 min,"Action, Thriller",6.9,nil,"6,311"
Clarice,2021– ,TV-14,60 min,"Crime, Drama, Mystery",6.5,nil,"6,293"
" Love, Death & Robots",2019– ,TV-MA,13 min,"Animation, Short, Comedy",6.1,nil,"6,288"
SAS: Red Notice,2021,R,124 min,"Action, Thriller",4.9,nil,"6,227"
Fatma,2021– ,TV-MA,40 min,"Crime, Drama, Thriller",7.5,nil,"6,221"
Sky Rojo,2021– ,TV-MA,31 min,"Action, Adventure, Crime",6.5,nil,"6,196"
Tell Me Your Secrets,I 2021– ,TV-14,nil,"Crime, Drama, Mystery",7.4,nil,"6,170"
Snabba Cash,2021– ,TV-MA,52 min,"Action, Crime, Drama",7.6,nil,"6,125"
Sherni,2021,not rated,131 min,Drama,7.0,nil,"6,123"
 Invincible,2021– ,TV-MA,47 min,"Animation, Action, Adventure",9.0,nil,"6,112"
Walker,2021– ,TV-14,nil,"Action, Crime, Drama",5.9,nil,"6,101"
Sunflower,2021– ,not rated,36 min,"Comedy, Crime",7.7,nil,"6,030"
 The Walking Dead,2010–2022,TV-14,43 min,"Drama, Horror, Thriller",4.1,nil,"6,022"
The Ice Road,2021,PG-13,109 min,"Adventure, Drama, Thriller",5.5,41        ,"5,995"
 Aspirants,2021– ,not rated,38 min,Drama,9.6,nil,"5,923"
 The New York Times Presents,2020– ,TV-MA,74 min,Documentary,6.9,nil,"5,911"
The Mosquito Coast,2021– ,TV-MA,nil,"Adventure, Drama, Thriller",7.0,nil,"5,881"
Jathi Ratnalu,2021,not rated,145 min,Comedy,7.6,nil,"5,873"
Allen v. Farrow,2021,TV-MA,256 min,"Documentary, Biography, Crime",6.4,nil,"5,856"
 The Family Man,2019– ,TV-14,nil,"Action, Comedy, Drama",9.3,nil,"5,815"
Billie Eilish: The World's a Little Blurry,2021,R,140 min,"Documentary, Biography, Music",7.8,70        ,"5,815"
The Hitman's Wife's Bodyguard,2021,R,100 min,"Action, Comedy, Crime",6.5,32        ,"5,730"
The Pembrokeshire Murders,2021,TV-14,144 min,"Crime, Drama",7.1,nil,"5,709"
" Love, Death & Robots",2019– ,TV-MA,7 min,"Animation, Short, Comedy",7.4,nil,"5,704"
Crisis,2021,R,118 min,"Drama, Thriller",6.1,40        ,"5,695"
 Aspirants,2021– ,not rated,49 min,Drama,9.8,nil,"5,694"
Pretend It's a City,2021,TV-14,203 min,"Documentary, Biography, Comedy",8.1,nil,"5,670"
The Great Indian Kitchen,2021,not rated,100 min,"Comedy, Drama",8.3,nil,"5,594"
 The Walking Dead,2010–2022,TV-MA,40 min,"Drama, Horror, Thriller",5.1,nil,"5,587"
" Love, Death & Robots",2019– ,TV-MA,11 min,"Animation, Short, Comedy",7.0,nil,"5,578"
Dracula,2021– ,not rated,nil,"Comedy, Drama",8.7,nil,"5,525"
The Sons of Sam: A Descent into Darkness,2021,TV-MA,239 min,"Documentary, Crime, History",7.0,nil,"5,451"
 Aspirants,2021– ,not rated,45 min,Drama,9.7,nil,"5,433"
" Love, Death & Robots",2019– ,TV-MA,13 min,"Animation, Short, Comedy",7.0,nil,"5,412"
 Broken But Beautiful,2018– ,not rated,nil,"Drama, Romance",9.6,nil,"5,400"
Young Rock,2021– ,TV-PG,nil,Comedy,7.1,nil,"5,288"
Krack,2021,Not Rated,154 min,"Action, Crime, Thriller",7.3,nil,"5,274"
" Love, Death & Robots",2019– ,TV-MA,13 min,"Animation, Short, Comedy",6.6,nil,"5,230"
November Story,2021– ,not rated,40 min,"Crime, Thriller",8.0,nil,"5,219"
The Last Hour,2021– ,not rated,36 min,"Crime, Drama, Mystery",7.5,nil,"5,201"
 Invincible,2021– ,TV-MA,46 min,"Animation, Action, Adventure",9.3,nil,"5,198"
Made for Love,2021– ,TV-MA,30 min,"Comedy, Drama, Sci-Fi",6.9,nil,"5,130"
Hacks,2021– ,TV-MA,30 min,"Comedy, Drama",8.3,nil,"5,112"
The Priest,I 2021,not rated,140 min,"Horror, Mystery, Thriller",6.6,nil,"5,034"
Maharani,2021– ,not rated,43 min,Drama,7.5,nil,"4,972"
 Broken But Beautiful,2018– ,not rated,nil,"Drama, Romance",9.5,nil,"4,849"
 Invincible,2021– ,TV-MA,44 min,"Animation, Action, Adventure",8.6,nil,"4,815"
 Rick and Morty,2013– ,TV-14,nil,"Animation, Adventure, Comedy",9.2,nil,"4,810"
 The Walking Dead,2010–2022,TV-MA,44 min,"Drama, Horror, Thriller",6.2,nil,"4,797"
Flora & Ulysses,2021,PG,95 min,"Adventure, Comedy, Family",6.3,62        ,"4,786"
 Jujutsu Kaisen,2020– ,TV-MA,24 min,"Animation, Action, Adventure",9.7,nil,"4,778"
 The Walking Dead,2010–2022,TV-MA,42 min,"Drama, Horror, Thriller",7.3,nil,"4,748"
 Broken But Beautiful,2018– ,not rated,nil,"Drama, Romance",9.6,nil,"4,735"
 Broken But Beautiful,2018– ,not rated,nil,"Drama, Romance",9.8,nil,"4,718"
 Broken But Beautiful,2018– ,not rated,nil,"Drama, Romance",9.8,nil,"4,684"
 Broken But Beautiful,2018– ,not rated,nil,"Drama, Romance",9.6,nil,"4,671"
Murder Among the Mormons,2021,TV-14,160 min,"Documentary, Crime, History",7.0,nil,"4,650"
 Broken But Beautiful,2018– ,not rated,nil,"Drama, Romance",9.5,nil,"4,632"
 Broken But Beautiful,2018– ,not rated,nil,"Drama, Romance",9.7,nil,"4,628"
 Broken But Beautiful,2018– ,not rated,nil,"Drama, Romance",9.6,nil,"4,618"
 Broken But Beautiful,2018– ,not rated,nil,"Drama, Romance",9.6,nil,"4,618"
The Legend of Hanuman,2021– ,not rated,25 min,Animation,9.4,nil,"4,607"
 The Walking Dead,2010–2022,TV-MA,48 min,"Drama, Horror, Thriller",7.5,nil,"4,574"
 Invincible,2021– ,TV-MA,42 min,"Animation, Action, Adventure",8.3,nil,"4,524"
50M2,2021– ,TV-MA,45 min,"Comedy, Drama, Thriller",7.0,nil,"4,498"
Invisible City,2021– ,TV-G,60 min,"Crime, Drama, Fantasy",7.4,nil,"4,484"
 Mare of Easttown,2021,TV-MA,57 min,"Crime, Drama, Mystery",9.4,nil,"4,455"
Crazy About Her,2021,TV-MA,102 min,"Comedy, Romance",6.6,nil,"4,451"
 Cobra Kai,2018– ,TV-14,41 min,"Action, Comedy, Drama",9.5,nil,"4,446"
Cruel Summer,2021– ,TV-14,45 min,"Drama, Mystery, Thriller",7.5,nil,"4,442"
 Invincible,2021– ,TV-MA,45 min,"Animation, Action, Adventure",7.7,nil,"4,432"
Mandela,2021,not rated,140 min,"Comedy, Drama",8.5,nil,"4,428"
Virkar,2021– ,not rated,28 min,"Crime, Thriller",9.0,nil,"4,386"
Panic,2021– ,TV-14,nil,"Adventure, Crime, Drama",6.4,nil,"4,351"
The Crew,II 2021– ,TV-14,nil,Comedy,6.6,nil,"4,316"
 Invincible,2021– ,TV-MA,45 min,"Animation, Action, Adventure",8.0,nil,"4,310"
Katla,2021– ,TV-MA,nil,"Drama, Mystery, Sci-Fi",7.2,nil,"4,299"
 Star Wars: The Bad Batch,2021– ,TV-PG,70 min,"Animation, Action, Adventure",9.0,nil,"4,289"
Nayattu,2021,not rated,124 min,Thriller,8.2,nil,"4,259"
Ajeeb Daastaans,2021,TV-MA,142 min,"Drama, Romance",6.7,nil,"4,248"
Land,2021,PG-13,89 min,Drama,6.6,61        ,"4,222"
 One Piece,1999– ,TV-14,24 min,"Animation, Action, Adventure",9.4,nil,"4,214"
Biggie: I Got a Story to Tell,2021,R,97 min,"Documentary, Biography, Music",6.9,62        ,"4,200"
Call Me Kat,2021– ,TV-PG,21 min,Comedy,5.0,nil,"4,149"
 Aspirants,2021– ,not rated,38 min,Drama,9.4,nil,"4,088"
 The Family Man,2019– ,TV-14,nil,"Action, Comedy, Drama",9.5,nil,"4,055"
History of Swear Words,2021– ,TV-MA,124 min,"Documentary, Comedy",6.4,nil,"4,015"
Have You Ever Seen Fireflies?,2021,TV-14,113 min,"Comedy, Drama",6.2,nil,"4,006"
 The Family Man,2019– ,TV-14,nil,"Action, Comedy, Drama",9.2,nil,"3,996"
Blue Miracle,2021,TV-PG,95 min,"Adventure, Biography, Drama",6.7,48        ,"3,995"
Girl in the Basement,2021,TV-14,88 min,"Crime, Thriller",6.4,nil,"3,994"
Justice Society: World War II,2021,PG-13,84 min,"Animation, Action, Adventure",6.4,nil,"3,905"
Sardar Ka Grandson,2021,TV-14,139 min,"Comedy, Drama, Romance",4.1,nil,"3,864"
His Story,2021– ,not rated,nil,Drama,9.7,nil,"3,855"
Nail Polish,2021,not rated,128 min,Drama,7.4,nil,"3,809"
The Underground Railroad,2021– ,TV-MA,593 min,"Drama, History, War",7.3,nil,"3,798"
Sexify,2021– ,TV-MA,40 min,"Comedy, Drama",6.5,nil,"3,789"
 The Family Man,2019– ,TV-14,nil,"Action, Comedy, Drama",9.6,nil,"3,787"
Top Class: The Life and Times of the Sierra Canyon Trailblazers,2021– ,Not Rated,30 min,"Documentary, Sport",9.7,nil,"3,754"
I Am All Girls,2021,TV-MA,107 min,"Crime, Drama, Mystery",5.8,nil,"3,748"
 The Family Man,2019– ,TV-14,nil,"Action, Comedy, Drama",9.3,nil,"3,707"
Chad,2021– ,TV-MA,30 min,Comedy,2.7,nil,"3,686"
 The Family Man,2019– ,TV-14,nil,"Action, Comedy, Drama",9.5,nil,"3,609"
Fear of Rain,2021,PG-13,109 min,"Drama, Horror, Thriller",5.9,nil,"3,591
| Gross"
The Virtuoso,2021,R,110 min,"Action, Crime, Thriller",4.9,24        ,"3,585"
Pogaru,2021,not rated,160 min,Action,5.7,nil,"3,577"
 Mare of Easttown,2021,TV-MA,58 min,"Crime, Drama, Mystery",8.1,nil,"3,561"
Sultan,2021,TV-MA,145 min,"Action, Drama",6.4,nil,"3,551"
 The Family Man,2019– ,TV-14,nil,"Action, Comedy, Drama",9.3,nil,"3,549"
Batman: Soul of the Dragon,2021,R,83 min,"Animation, Action, Adventure",6.1,nil,"3,544"
 One Piece,1999– ,TV-14,24 min,"Animation, Action, Adventure",9.7,nil,"3,530"
Siyavash,2021– ,TV-14,50 min,Drama,6.2,nil,"3,517"
 Lucifer,2016– ,TV-14,60 min,"Crime, Drama, Fantasy",7.6,nil,"3,511"
Us Again,2021,G,7 min,"Animation, Short, Drama",8.0,nil,"3,506"
Naandhi,2021,not rated,146 min,"Crime, Drama, Thriller",8.4,nil,"3,486"
Bombay Begums,2021– ,TV-MA,50 min,Drama,4.9,nil,"3,486"
Tiger,2021,TV-MA,192 min,"Documentary, Biography, Sport",7.8,nil,"3,484"
 The Family Man,2019– ,TV-14,nil,"Action, Comedy, Drama",9.3,nil,"3,482"
Yasuke,2021– ,TV-MA,30 min,"Animation, Action, Adventure",6.3,nil,"3,474"
 The Family Man,2019– ,TV-14,nil,"Action, Comedy, Drama",9.3,nil,"3,458"
Silence: Can You Hear It,2021,not rated,136 min,"Crime, Thriller",6.6,nil,"3,425"
The Mighty Ducks: Game Changers,2021– ,TV-PG,nil,"Comedy, Drama, Sport",7.5,nil,"3,423"
Saina,2021,not rated,135 min,"Biography, Drama, Sport",4.2,nil,"3,413"
Yuvarathnaa,2021,not rated,161 min,"Action, Drama",6.6,nil,"3,402"
A Week Away,2021,TV-PG,94 min,"Drama, Family, Musical",5.7,32        ,"3,357"
Maara,2021,not rated,149 min,"Adventure, Drama, Mystery",7.7,nil,"3,356"
Pelé,2021,TV-14,108 min,"Documentary, Biography, Sport",7.0,61        ,"3,348"
Pacific Rim: The Black,2021– ,TV-14,24 min,"Animation, Action, Adventure",7.1,nil,"3,327"
The Minimalists: Less Is Now,2021,TV-14,53 min,Documentary,5.9,nil,"3,302"
 Mare of Easttown,2021,TV-MA,58 min,"Crime, Drama, Mystery",8.7,nil,"3,275"
 Jujutsu Kaisen,2020– ,TV-MA,24 min,"Animation, Action, Adventure",9.6,nil,"3,270"
Good on Paper,2021,R,92 min,"Comedy, Romance",5.6,54        ,"3,258"
Horimiya,I 2021– ,TV-14,24 min,"Animation, Comedy, Drama",8.3,nil,"3,232"
Ray,2021– ,TV-14,65 min,"Crime, Drama, Thriller",7.8,nil,"3,223"
Mushoku Tensei: Jobless Reincarnation,2021– ,TV-14,24 min,"Animation, Adventure, Fantasy",8.4,nil,"3,216"
Hello Charlie,2021,not rated,102 min,Comedy,5.6,nil,"3,179"
Why Did You Kill Me?,2021,TV-MA,83 min,"Documentary, Crime",5.6,nil,"3,177"
This Is a Robbery: The World's Greatest Art Heist,2021,TV-MA,210 min,"Documentary, Crime, History",6.5,nil,"3,159"
 Superman and Lois,2021– ,TV-PG,64 min,"Action, Adventure, Drama",8.7,nil,"3,158"
Save Ralph,2021,not rated,4 min,"Animation, Short",8.6,nil,"3,154"
Bloodlands,2021,not rated,222 min,"Crime, Drama, Thriller",6.5,nil,"3,151"
Calls,2021– ,TV-MA,12 min,"Drama, Horror, Mystery",7.8,nil,"3,149"
 Cobra Kai,2018– ,TV-14,39 min,"Action, Comedy, Drama",9.2,nil,"3,136"
Uppena,2021,TV-14,147 min,"Action, Drama, Romance",6.8,nil,"3,127"
Crashh,2021– ,not rated,23 min,Romance,9.0,nil,"3,121"
 Mare of Easttown,2021,TV-MA,64 min,"Crime, Drama, Mystery",9.1,nil,"3,121"
The Box,V 2021,not rated,94 min,"Drama, Music, Musical",8.8,nil,"3,119"
In the Earth,2021,R,107 min,"Horror, Sci-Fi, Thriller",5.2,63        ,"3,108"
Chakra,2021,Not Rated,131 min,"Action, Crime, Thriller",7.0,nil,"3,087"
Silk Road,2021,R,112 min,"Crime, Drama, Thriller",5.9,41        ,"3,086"
 Lupin,2021– ,TV-MA,47 min,"Action, Crime, Drama",7.9,nil,"3,067"
Age of Samurai: Battle for Japan,2021– ,TV-MA,nil,"Documentary, Action, Adventure",7.4,nil,"3,065"
Runaway Lugaai,2021– ,not rated,25 min,"Comedy, Drama",8.0,nil,"3,046"
 Star Wars: The Bad Batch,2021– ,TV-PG,31 min,"Animation, Action, Adventure",7.5,nil,"3,030"
Baggio: The Divine Ponytail,2021,TV-MA,91 min,"Biography, Drama, Sport",6.1,nil,"3,026"
Konusanlar,2021– ,not rated,50 min,"Comedy, Talk-Show",6.8,nil,"2,965"
Tina,2021,TV-MA,118 min,"Documentary, Biography, History",8.1,81        ,"2,955"
 Lucifer,2016– ,TV-14,53 min,"Crime, Drama, Fantasy",9.4,nil,"2,947"
Major Grom: Plague Doctor,2021,not rated,136 min,"Action, Adventure",6.5,nil,"2,930"
Bhoomi,II 2021,TV-PG,128 min,"Action, Drama",5.0,nil,"2,916"
Marvel Studios: Legends,2021– ,TV-14,7 min,"Action, Fantasy, Sci-Fi",6.5,nil,"2,898"
Q: Into the Storm,2021,TV-MA,353 min,Documentary,7.6,nil,"2,812"
 Black Clover,2017–2021,TV-PG,24 min,"Animation, Action, Adventure",9.7,nil,"2,803"
 Cobra Kai,2018– ,TV-14,32 min,"Action, Comedy, Drama",8.2,nil,"2,792"
First Signal,2021,not rated,102 min,"Drama, History, Sci-Fi",7.1,nil,"2,791"
Tunna blå linjen,2021– ,Not Rated,60 min,"Crime, Drama",8.2,nil,"2,790"
 Mare of Easttown,2021,TV-MA,60 min,"Crime, Drama, Mystery",8.3,nil,"2,788"
Law & Order: Organized Crime,2021– ,TV-14,nil,"Crime, Drama, Mystery",7.6,nil,"2,787"
 Black Clover,2017–2021,TV-PG,24 min,"Animation, Action, Adventure",9.7,nil,"2,784"
 Mare of Easttown,2021,TV-MA,56 min,"Crime, Drama, Mystery",8.4,nil,"2,755"
 Shadow and Bone,2021– ,TV-14,52 min,"Action, Adventure, Drama",7.8,nil,"2,725"
Mr. Mayor,2021– ,TV-PG,22 min,Comedy,6.3,nil,"2,717"
Roberrt,2021,not rated,166 min,"Action, Comedy, Musical",6.7,nil,"2,690"
"Crack: Cocaine, Corruption & Conspiracy",2021,TV-MA,89 min,"Documentary, Crime, History",6.7,nil,"2,686"
 Cobra Kai,2018– ,TV-14,30 min,"Action, Comedy, Drama",8.9,nil,"2,680"
 The Expanse,2015– ,TV-14,56 min,"Drama, Mystery, Sci-Fi",8.7,nil,"2,679"
 Mare of Easttown,2021,TV-MA,57 min,"Crime, Drama, Mystery",8.8,nil,"2,678"
Kala,2021,not rated,130 min,Thriller,6.9,nil,"2,665"
 Star Trek: Discovery,2017– ,TV-14,62 min,"Action, Adventure, Drama",6.3,nil,"2,665"
Breaking News in Yuba County,2021,R,96 min,"Comedy, Crime, Drama",5.7,24        ,"2,642"
Xtreme,2021,TV-MA,111 min,"Action, Crime, Drama",5.7,nil,"2,625"
Methagu,2021,not rated,nil,"Biography, History",9.8,nil,"2,619"
 Cobra Kai,2018– ,TV-14,36 min,"Action, Comedy, Drama",8.6,nil,"2,618"
 Cobra Kai,2018– ,TV-14,38 min,"Action, Comedy, Drama",8.3,nil,"2,604"
The Misfits,2021,R,94 min,"Action, Adventure, Thriller",4.1,25        ,"2,578"
Marvel's M.O.D.O.K.,2021– ,TV-MA,22 min,"Animation, Action, Comedy",6.3,nil,"2,575"
Great White,2021,not rated,91 min,"Horror, Thriller",3.9,nil,"2,573"
Vanquish,2021,R,94 min,"Action, Crime, Thriller",2.7,22        ,"2,567"
Together Together,2021,R,90 min,Comedy,6.5,72        ,"2,567"
The Devil Below,2021,not rated,88 min,"Horror, Thriller",4.2,nil,"2,563"
Operation Java,2021,not rated,146 min,"Crime, Drama, Thriller",8.3,nil,"2,560"
 Lucifer,2016– ,TV-14,63 min,"Crime, Drama, Fantasy",9.5,nil,"2,543"
Son,2021,Not Rated,98 min,"Horror, Thriller",5.5,52        ,"2,542"
Madame Claude,2021,TV-MA,112 min,"Biography, Crime, Drama",5.4,nil,"2,524"
Tribhanga,2021,TV-MA,95 min,"Drama, Family",6.1,nil,"2,523"
 One Piece,1999– ,TV-14,24 min,"Animation, Action, Adventure",9.6,nil,"2,499"
Generation,2021– ,TV-MA,nil,"Comedy, Drama",6.5,nil,"2,495"
Secret Magic Control Agency,2021,TV-Y7,103 min,"Animation, Adventure, Comedy",6.2,nil,"2,490"
 Cobra Kai,2018– ,TV-14,32 min,"Action, Comedy, Drama",8.0,nil,"2,478"
 Lupin,2021– ,TV-MA,52 min,"Action, Crime, Drama",7.8,nil,"2,473"
Irul,2021,not rated,91 min,"Mystery, Thriller",5.8,nil,"2,464"
 One Piece,1999– ,TV-14,24 min,"Animation, Action, Adventure",9.4,nil,"2,462"
Rurouni Kenshin: Final Chapter Part I - The Final,2021,not rated,138 min,"Action, Adventure, Drama",7.3,nil,"2,462"
Country Comfort,2021– ,TV-PG,nil,"Comedy, Drama, Family",6.9,nil,"2,453"
 Star Wars: The Bad Batch,2021– ,TV-PG,28 min,"Animation, Action, Adventure",7.9,nil,"2,445"
 Lucifer,2016– ,TV-14,58 min,"Crime, Drama, Fantasy",8.4,nil,"2,415"
Squared Love,2021,TV-14,102 min,"Comedy, Romance",5.0,nil,"2,413"
Big Shot,2021– ,TV-PG,nil,"Comedy, Drama, Sport",7.5,nil,"2,411"
The Djinn,2021,R,82 min,"Horror, Thriller",4.7,61        ,"2,407"
 Cobra Kai,2018– ,TV-14,34 min,"Action, Comedy, Drama",8.5,nil,"2,398"
 Cobra Kai,2018– ,TV-14,28 min,"Action, Comedy, Drama",8.5,nil,"2,392"
The Year Earth Changed,2021,TV-PG,48 min,Documentary,8.3,nil,"2,368"
Love Scandals & Doctors,2021– ,not rated,20 min,Thriller,8.9,nil,"2,363"
 Doctor Who,2005– ,TV-PG,71 min,"Adventure, Drama, Family",5.9,nil,"2,349"
 Dracula,2021– ,not rated,nil,"Comedy, Drama",9.5,nil,"2,345"
 Lucifer,2016– ,TV-14,55 min,"Crime, Drama, Fantasy",8.5,nil,"2,338"
Teddy,II 2021,TV-PG,136 min,"Animation, Action, Adventure",6.6,nil,"2,332"
 Cobra Kai,2018– ,TV-14,29 min,"Action, Comedy, Drama",8.3,nil,"2,320"
 Shadow and Bone,2021– ,TV-14,52 min,"Action, Adventure, Drama",7.8,nil,"2,317"
 The Handmaid's Tale,2017– ,TV-MA,62 min,"Drama, Sci-Fi, Thriller",8.7,nil,"2,300"
 Euphoria,2019– ,TV-MA,49 min,Drama,8.8,nil,"2,295"
Happily,2021,R,96 min,"Comedy, Crime, Romance",5.3,58        ,"2,294"
Vitthal Teedi,2021– ,not rated,185 min,Drama,9.5,nil,"2,288"
Censor,2021,not rated,84 min,Horror,5.9,67        ,"2,283"
 Shadow and Bone,2021– ,TV-14,58 min,"Action, Adventure, Drama",8.7,nil,"2,272"
 Dracula,2021– ,not rated,nil,"Comedy, Drama",9.6,nil,"2,255"
 Lupin,2021– ,TV-MA,42 min,"Action, Crime, Drama",7.6,nil,"2,254"
Kaadan,2021,not rated,170 min,"Action, Drama, Fantasy",9.1,nil,"2,235"
 The Expanse,2015– ,TV-14,54 min,"Drama, Mystery, Sci-Fi",7.6,nil,"2,235"
Resident Evil Village,2021 Video Game,M,nil,"Action, Adventure, Fantasy",8.9,nil,"2,217"
22 vs. Earth,2021,not rated,9 min,"Animation, Short, Adventure",6.5,nil,"2,211"
Bling Empire,2021– ,TV-MA,38 min,Reality-TV,5.8,nil,"2,208"
 Lupin,2021– ,TV-MA,43 min,"Action, Crime, Drama",7.7,nil,"2,182"
Rebel,2021,TV-14,nil,"Crime, Drama",7.0,nil,"2,181"
 Lupin,2021– ,TV-MA,47 min,"Action, Crime, Drama",7.6,nil,"2,172"
 The Frog,2020–2021,Not Rated,44 min,"Crime, Drama, Mystery",8.5,nil,"2,157"
Sir Alex Ferguson: Never Give In,2021,PG-13,130 min,Documentary,8.4,68        ,"2,151"
 Dracula,2021– ,not rated,nil,"Comedy, Drama",9.6,nil,"2,148"
 The Expanse,2015– ,TV-14,48 min,"Drama, Mystery, Sci-Fi",8.0,nil,"2,148"
 Shadow and Bone,2021– ,TV-14,48 min,"Action, Adventure, Drama",7.9,nil,"2,145"
The Way of the Househusband,2021– ,TV-14,16 min,"Animation, Action, Comedy",7.3,nil,"2,144"
 Dracula,2021– ,not rated,nil,"Comedy, Drama",9.7,nil,"2,143"
 Dracula,2021– ,not rated,nil,"Comedy, Drama",9.8,nil,"2,140"
Oslo,2021 TV Movie,TV-MA,118 min,"Drama, History, Thriller",6.6,54        ,"2,131"
 The Frog,2020–2021,Not Rated,46 min,"Crime, Drama, Mystery",8.5,nil,"2,130"
One,II 2021,not rated,151 min,"Drama, Thriller",6.6,nil,"2,124"
To Your Eternity,2021– ,not rated,25 min,"Animation, Adventure, Drama",9.1,nil,"2,123"
"Batman: The Long Halloween, Part One",2021 Video,PG-13,85 min,"Animation, Action, Crime",7.5,nil,"2,119"
 Jujutsu Kaisen,2020– ,TV-MA,24 min,"Animation, Action, Adventure",9.6,nil,"2,118"
 Dracula,2021– ,not rated,nil,"Comedy, Drama",9.8,nil,"2,111"
Recalled,2021,not rated,99 min,"Drama, Mystery, Thriller",7.0,nil,"2,108"
Sijipeuseu: The Myth,2021– ,Not Rated,70 min,"Action, Drama, Fantasy",7.1,nil,"2,108"
 Star Wars: The Bad Batch,2021– ,TV-PG,26 min,"Animation, Action, Adventure",7.6,nil,"2,103"
Skater Girl,2021,PG,107 min,"Drama, Family, Sport",6.7,nil,"2,102"
 Line of Duty,2012– ,TV-14,57 min,"Crime, Drama, Mystery",5.4,nil,"2,102"
We Children from Bahnhof Zoo,2021,Not Rated,nil,Drama,6.3,nil,"2,098"
 Young Rock,2021– ,TV-PG,nil,Comedy,9.1,nil,"2,097"
Eeswaran,2021,Not Rated,130 min,"Action, Drama",4.7,nil,"2,087"
 Shadow and Bone,2021– ,TV-14,45 min,"Action, Adventure, Drama",8.6,nil,"2,068"
Move to Heaven,2021– ,TV-MA,60 min,Drama,8.7,nil,"2,068"
Solos,2021– ,TV-14,185 min,"Drama, Fantasy, Sci-Fi",5.7,nil,"2,067"
 Boruto: Naruto Next Generations,2017– ,TV-14,24 min,"Animation, Action, Adventure",9.7,nil,"2,063"
Kung Fu,2021– ,TV-14,nil,"Action, Adventure, Drama",5.0,nil,"2,059"
 Superman and Lois,2021– ,TV-PG,44 min,"Action, Adventure, Drama",8.4,nil,"2,056"
Alma Matters - Inside the IIT Dream,2021,not rated,150 min,Documentary,8.6,nil,"2,053"
 Boruto: Naruto Next Generations,2017– ,TV-14,24 min,"Animation, Action, Adventure",9.7,nil,"2,051"
 Shadow and Bone,2021– ,TV-14,51 min,"Action, Adventure, Drama",8.1,nil,"2,047"
Peter Rabbit 2: The Runaway,2021,PG,93 min,"Animation, Adventure, Comedy",6.2,43        ,"2,029"
 The Promised Neverland,2019–2021,TV-14,23 min,"Animation, Adventure, Drama",2.6,nil,"2,020"
 South Park,1997– ,TV-MA,46 min,"Animation, Comedy",7.5,nil,"2,018"
Nezha Reborn,2021,not rated,118 min,"Animation, Action, Fantasy",6.9,nil,"2,013"
The Lost Pirate Kingdom,2021– ,TV-MA,nil,"Documentary, Adventure, Drama",6.6,nil,"2,011"
 The Frog,2020–2021,Not Rated,50 min,"Crime, Drama, Mystery",7.9,nil,"2,008"
The Power,II 2021,not rated,92 min,Horror,5.6,60        ,"2,005"
 Castlevania,2017–2021,TV-MA,31 min,"Animation, Action, Adventure",9.8,nil,"2,004"
Word of Honor,2021– ,TV-14,45 min,"Action, Drama, Fantasy",9.2,nil,"2,000"
 The Frog,2020–2021,Not Rated,44 min,"Crime, Drama, Mystery",8.3,nil,"1,998"
Infinitum: Subject Unknown,2021,not rated,86 min,Sci-Fi,5.5,nil,"1,994"
 The Expanse,2015– ,TV-14,52 min,"Drama, Mystery, Sci-Fi",7.8,nil,"1,980"
" Re: Zero, Starting Life in Another World",2016– ,TV-14,30 min,"Animation, Adventure, Drama",9.8,nil,"1,977"
 One Piece,1999– ,TV-14,nil,"Animation, Action, Adventure",9.6,nil,"1,974"
Record of Ragnarok,2021– ,TV-14,24 min,"Animation, Action, Adventure",6.2,nil,"1,973"
Kid 90,2021,TV-MA,71 min,"Documentary, Biography, History",6.9,67        ,"1,959"
The Great Escapists,2021– ,TV-14,nil,"Documentary, Adventure, Comedy",5.7,nil,"1,954"
 The Frog,2020–2021,Not Rated,46 min,"Crime, Drama, Mystery",7.7,nil,"1,952"
 The Frog,2020–2021,Not Rated,47 min,"Crime, Drama, Mystery",7.8,nil,"1,949"
 Your Honor,2020–2021,TV-MA,59 min,"Crime, Drama, Thriller",7.3,nil,"1,937"
Life in Colour,2021– ,TV-PG,59 min,Documentary,8.3,nil,"1,934"
 Shadow and Bone,2021– ,TV-14,54 min,"Action, Adventure, Drama",8.2,nil,"1,932"
Payback,2021,not rated,91 min,Thriller,6.0,nil,"1,927"
 The Handmaid's Tale,2017– ,TV-MA,58 min,"Drama, Sci-Fi, Thriller",9.0,nil,"1,915"
 Lucifer,2016– ,TV-14,53 min,"Crime, Drama, Fantasy",8.6,nil,"1,910"
 Star Wars: The Bad Batch,2021– ,TV-PG,27 min,"Animation, Action, Adventure",8.6,nil,"1,900"
 The Expanse,2015– ,TV-14,51 min,"Drama, Mystery, Sci-Fi",8.1,nil,"1,900"
The Seventh Day,2021,R,87 min,"Horror, Mystery",4.4,43        ,"1,897"
 Star Wars: The Bad Batch,2021– ,TV-PG,23 min,"Animation, Action, Adventure",7.4,nil,"1,895"
Jeet Ki Zid,2021– ,not rated,40 min,"Action, Drama",8.5,nil,"1,891"
B.A. Pass 3,2021,not rated,136 min,"Drama, Romance",8.2,nil,"1,890"
Wild Dog,2021,TV-MA,145 min,"Action, Adventure, Crime",6.3,nil,"1,883"
 Lucifer,2016– ,TV-14,59 min,"Crime, Drama, Fantasy",9.0,nil,"1,883"
 Shadow and Bone,2021– ,TV-14,52 min,"Action, Adventure, Drama",8.4,nil,"1,882"
 The Frog,2020–2021,Not Rated,48 min,"Crime, Drama, Mystery",8.0,nil,"1,879"
 The Handmaid's Tale,2017– ,TV-MA,54 min,"Drama, Sci-Fi, Thriller",8.1,nil,"1,877"
 The Frog,2020–2021,Not Rated,48 min,"Crime, Drama, Mystery",7.6,nil,"1,876"
 Fear the Walking Dead,2015– ,TV-MA,51 min,"Drama, Horror, Sci-Fi",8.0,nil,"1,876"
Marasli,2021– ,not rated,120 min,Drama,8.0,nil,"1,876"
Coyote,2021– ,TV-MA,290 min,"Crime, Drama, Thriller",6.8,nil,"1,876"
The Yinyang Master,2021,not rated,113 min,"Action, Adventure, Drama",6.4,nil,"1,875"
Cinema Bandi,2021,not rated,98 min,"Comedy, Drama",8.1,nil,"1,866"
Last Chance U: Basketball,2021– ,TV-MA,nil,"Documentary, Sport",8.4,nil,"1,857"
 Rick and Morty,2013– ,TV-MA,nil,"Animation, Adventure, Comedy",9.2,nil,"1,854"
Nizhal,2021,Not Rated,118 min,"Drama, Mystery, Thriller",6.4,nil,"1,854"
 The Frog,2020–2021,Not Rated,54 min,"Crime, Drama, Mystery",7.7,nil,"1,849"
Every Breath You Take,2021,R,105 min,"Drama, Mystery, Thriller",5.2,32        ,"1,847"
 Star Wars: The Bad Batch,2021– ,TV-PG,21 min,"Animation, Action, Adventure",7.3,nil,"1,841"
 The Frog,2020–2021,Not Rated,45 min,"Crime, Drama, Mystery",7.8,nil,"1,840"
Gibi,2021– ,not rated,30 min,Comedy,8.5,nil,"1,834"
Grahan,I 2021– ,not rated,nil,"Action, Drama, Thriller",8.9,nil,"1,825"
Mai Hero Boll Raha Hu,2021– ,not rated,nil,"Action, Thriller",8.9,nil,"1,823"
Born a Champion,2021,R,112 min,"Action, Drama, Sport",7.0,nil,"1,821"
 The Frog,2020–2021,Not Rated,52 min,"Crime, Drama, Mystery",7.9,nil,"1,811"
 The Frog,2020–2021,Not Rated,53 min,"Crime, Drama, Mystery",7.6,nil,"1,811"
Tokyo Revengers,2021– ,TV-14,24 min,"Animation, Action, Drama",8.6,nil,"1,811"
Red,I 2021,TV-14,146 min,"Action, Crime, Drama",6.7,nil,"1,809"
 Star Wars: The Bad Batch,2021– ,TV-PG,24 min,"Animation, Action, Adventure",9.1,nil,"1,805"
 Jujutsu Kaisen,2020– ,TV-MA,24 min,"Animation, Action, Adventure",9.3,nil,"1,805"
 Jujutsu Kaisen,2020– ,TV-MA,24 min,"Animation, Action, Adventure",9.2,nil,"1,794"
Trese,2021– ,TV-MA,33 min,"Animation, Action, Adventure",7.2,nil,"1,782"
 Resident Alien,2021– ,TV-14,47 min,"Comedy, Drama, Mystery",8.3,nil,"1,777"
 Lucifer,2016– ,TV-14,61 min,"Crime, Drama, Fantasy",8.5,nil,"1,775"
Bir Yeralti Sitcom'u,2021– ,not rated,nil,Comedy,7.3,nil,"1,772"
The Pursuit of Love,2021– ,not rated,nil,"Drama, Romance",6.6,nil,"1,754"
The Soul,2021,not rated,130 min,"Drama, Mystery, Sci-Fi",6.7,nil,"1,752"
Mouse,2021– ,not rated,80 min,"Action, Crime, Mystery",8.7,nil,"1,749"
The Great North,2021– ,TV-14,21 min,"Animation, Comedy",6.5,nil,"1,739"
 Young Rock,2021– ,TV-14,nil,Comedy,8.7,nil,"1,721"
LOL: Last One Laughing Germany,2021– ,not rated,nil,"Comedy, Reality-TV",7.8,nil,"1,718"
 The Frog,2020–2021,Not Rated,71 min,"Crime, Drama, Mystery",7.3,nil,"1,706"
Zombie Reddy,2021,not rated,130 min,"Action, Comedy, Horror",7.0,nil,"1,704"
Exterminate All the Brutes,2021,TV-MA,232 min,"Documentary, History",6.8,nil,"1,701"
A Perfect Planet,2021,TV-PG,245 min,Documentary,9.1,nil,"1,695"
 One Piece,1999– ,TV-14,24 min,"Animation, Action, Adventure",9.3,nil,"1,690"
Dude,2021– ,not rated,32 min,"Drama, Mystery, Thriller",9.3,nil,"1,683"
Too Close,2021,not rated,143 min,"Crime, Drama, Thriller",6.7,nil,"1,677"
 Superman and Lois,2021– ,TV-PG,43 min,"Action, Adventure, Drama",8.3,nil,"1,676"
Wonder Egg Priority,2021– ,TV-MA,23 min,"Animation, Action, Drama",8.2,nil,"1,671"
Sex/Life,2021– ,TV-MA,nil,"Comedy, Drama, Romance",6.0,nil,"1,671"
Starstruck,2021– ,not rated,30 min,Comedy,7.7,nil,"1,667"
 Fear the Walking Dead,2015– ,TV-MA,48 min,"Drama, Horror, Sci-Fi",6.2,nil,"1,666"
 Dracula,2021– ,not rated,nil,"Comedy, Drama",9.5,nil,"1,665"
 Jujutsu Kaisen,2020– ,TV-MA,24 min,"Animation, Action, Adventure",9.1,nil,"1,662"
Twist,2021,R,90 min,"Action, Drama",4.0,nil,"1,661"
Doors,2021,not rated,84 min,Sci-Fi,3.3,nil,"1,659"
 Fear the Walking Dead,2015– ,TV-MA,51 min,"Drama, Horror, Sci-Fi",8.5,nil,"1,653"
The Pact,2021– ,not rated,nil,Thriller,6.8,nil,"1,651"
Tenkuu Shinpan,2021– ,TV-MA,25 min,"Animation, Action, Horror",6.7,nil,"1,647"
Homunculus,2021,TV-MA,115 min,"Drama, Fantasy, Mystery",5.6,nil,"1,642"
 The Flash,2014– ,TV-PG,42 min,"Action, Adventure, Drama",8.5,nil,"1,639"
 The Handmaid's Tale,2017– ,TV-MA,41 min,"Drama, Sci-Fi, Thriller",7.7,nil,"1,635"
The Upshaws,2021– ,TV-14,nil,Comedy,6.9,nil,"1,630"
Domina,2021– ,not rated,nil,"Drama, History",6.9,nil,"1,617"
 One Piece,1999– ,TV-14,nil,"Animation, Action, Adventure",9.5,nil,"1,616"
 The Handmaid's Tale,2017– ,TV-MA,48 min,"Drama, Sci-Fi, Thriller",8.2,nil,"1,612"
Cypher,2021– ,not rated,nil,"Action, Crime, Drama",6.5,nil,"1,611"
 The Handmaid's Tale,2017– ,TV-MA,47 min,"Drama, Sci-Fi, Thriller",8.8,nil,"1,611"
 The Flash,2014– ,TV-PG,42 min,"Action, Adventure, Drama",7.3,nil,"1,607"
 When Calls the Heart,2014– ,TV-G,nil,"Drama, Family, Romance",5.0,nil,"1,604"
Douluo Continent,2021– ,not rated,38 min,"Action, Fantasy, Horror",9.0,nil,"1,601"
Gaali Sampath,2021,not rated,130 min,Drama,7.4,nil,"1,600"
Nenjam Marappathillai,2021,not rated,150 min,"Horror, Thriller",6.4,nil,"1,593"
Plan B,II 2021,TV-MA,107 min,Comedy,6.7,74        ,"1,593"
Surviving Death,2021– ,TV-MA,50 min,"Documentary, Reality-TV",6.1,nil,"1,587"
Indori Ishq,2021– ,not rated,25 min,"Comedy, Drama, Romance",7.4,nil,"1,583"
 Black Clover,2017–2021,TV-14,24 min,"Animation, Action, Adventure",9.6,nil,"1,583"
 Walker,2021– ,TV-PG,42 min,"Action, Crime, Drama",6.9,nil,"1,574"
Men in Kilts: A Roadtrip with Sam and Graham,2021– ,TV-14,nil,"Documentary, Comedy, Reality-TV",8.8,nil,"1,572"
One Small Story,2021,not rated,134 min,"Comedy, Drama",7.4,nil,"1,571"
 The Handmaid's Tale,2017– ,TV-MA,45 min,"Drama, Sci-Fi, Thriller",8.2,nil,"1,567"
Leonardo,2021– ,Not Rated,nil,"Biography, Drama, History",7.1,nil,"1,564"
Demi Lovato: Dancing with the Devil,2021,TV-14,94 min,"Documentary, Music",8.2,nil,"1,558"
The Power,I 2021,not rated,153 min,"Action, Crime, Drama",5.7,nil,"1,557"
 One Piece,1999– ,TV-14,24 min,"Animation, Action, Adventure",9.4,nil,"1,556"
 The Handmaid's Tale,2017– ,TV-MA,47 min,"Drama, Sci-Fi, Thriller",8.0,nil,"1,556"
Just Say Yes,2021,TV-MA,97 min,"Comedy, Romance",4.5,nil,"1,554"
Bad President,2021,not rated,90 min,"Comedy, Fantasy",5.2,nil,"1,552"
Kevin Can F**k Himself,2021– ,TV-MA,nil,"Comedy, Drama",6.4,nil,"1,551"
Dad Stop Embarrassing Me!,2021,TV-PG,25 min,"Comedy, Family",4.2,nil,"1,548"
 Jupiter's Legacy,2021,TV-MA,47 min,"Action, Adventure, Drama",7.2,nil,"1,540"
 Young Rock,2021– ,TV-PG,nil,Comedy,8.6,nil,"1,534"
 The Flash,2014– ,TV-PG,42 min,"Action, Adventure, Drama",5.4,nil,"1,534"
Redo of Healer,2021– ,TV-MA,24 min,"Animation, Action, Adventure",6.3,nil,"1,523"
Lisey's Story,2021,TV-MA,nil,"Drama, Horror, Mystery",5.9,nil,"1,522"
Paradise City,2021– ,TV-MA,nil,"Drama, Fantasy, Music",6.9,nil,"1,513"
 Jujutsu Kaisen,2020– ,TV-MA,24 min,"Animation, Action, Adventure",8.9,nil,"1,509"
WeWork: Or the Making and Breaking of a $47 Billion Unicorn,2021,TV-MA,104 min,Documentary,6.6,56        ,"1,509"
 The Rookie,2018– ,TV-14,nil,"Comedy, Crime, Drama",4.1,nil,"1,504"
Intergalactic,2021– ,Not Rated,nil,"Drama, Sci-Fi",4.1,nil,"1,501"
SK8 the Infinity,2021– ,not rated,nil,"Animation, Adventure, Comedy",8.2,nil,"1,500"
 Your Honor,2020–2021,TV-MA,54 min,"Crime, Drama, Thriller",8.3,nil,"1,499"
 Young Rock,2021– ,TV-14,24 min,Comedy,7.8,nil,"1,492"
The Drowning,2021,not rated,nil,"Drama, Mystery, Thriller",5.5,nil,"1,490"
 For All Mankind,2019– ,TV-MA,76 min,"Drama, Sci-Fi",9.6,nil,"1,488"
Dogu,2021– ,not rated,nil,Comedy,7.4,nil,"1,484"
 Black Clover,2017–2021,TV-PG,24 min,"Animation, Action, Adventure",9.8,nil,"1,481"
Saat Kadam,2021– ,not rated,120 min,"Drama, Sport",8.5,nil,"1,480"
The Me You Can't See,2021– ,TV-MA,nil,Documentary,5.3,nil,"1,480"
Frank of Ireland,2021– ,TV-MA,nil,Comedy,6.7,nil,"1,478"
Narco Sub,2021,R,93 min,"Action, Crime, Drama",6.4,nil,"1,476"
 Dracula,2021– ,not rated,nil,"Comedy, Drama",9.6,nil,"1,468"
Kathmandu Connection,2021– ,not rated,nil,"Action, Crime, Thriller",5.8,nil,"1,465"
30 Rojullo Preminchadam Ela?,2021,not rated,143 min,Romance,7.5,nil,"1,465"
iCarly,2021– ,TV-14,26 min,"Comedy, Drama, Family",7.3,nil,"1,453"
 The Nevers,2021– ,TV-MA,64 min,"Action, Drama, Fantasy",7.8,nil,"1,443"
 Racket Boys,2021– ,not rated,86 min,"Comedy, Drama, Sport",1.0,nil,"1,438"
Know Fear,2021,not rated,77 min,Horror,5.5,nil,"1,437"
Fake Famous,2021 TV Movie,TV-MA,87 min,Documentary,6.6,nil,"1,433"
Pixar Popcorn,2021– ,TV-PG,19 min,"Animation, Short, Comedy",6.6,nil,"1,432"
 Superman and Lois,2021– ,TV-PG,44 min,"Action, Adventure, Drama",8.1,nil,"1,432"
 Young Rock,2021– ,TV-14,nil,Comedy,8.4,nil,"1,431"
 Shameless,2011–2021,TV-MA,50 min,"Comedy, Drama",6.0,nil,"1,422"
 Batwoman,2019– ,TV-14,42 min,"Action, Adventure, Crime",4.3,nil,"1,417"
Climax,2021,not rated,80 min,Thriller,8.1,nil,"1,413"
Madam Chief Minister,2021,TV-14,130 min,Drama,4.6,nil,"1,413"
Girls5eva,2021– ,TV-MA,nil,"Comedy, Music",7.2,nil,"1,411"
 One Piece,1999– ,TV-14,nil,"Animation, Action, Adventure",9.4,nil,"1,406"
 Jujutsu Kaisen,2020– ,TV-MA,24 min,"Animation, Action, Adventure",8.6,nil,"1,405"
Home Economics,2021– ,TV-PG,30 min,Comedy,6.2,nil,"1,401"
 Castlevania,2017–2021,TV-MA,31 min,"Animation, Action, Adventure",9.6,nil,"1,391"
 Fear the Walking Dead,2015– ,TV-MA,45 min,"Drama, Horror, Sci-Fi",7.5,nil,"1,390"
Zebra Girl,2021,not rated,79 min,"Mystery, Thriller",7.1,nil,"1,387"
Secrets of Sinauli,2021,not rated,56 min,"Documentary, History",9.3,nil,"1,386"
Finding Alice,2021– ,Not Rated,46 min,"Comedy, Drama",5.7,nil,"1,385"
 Anne Boleyn,2021– ,not rated,nil,"Drama, History",3.9,nil,"1,383"
Nail Bomber: Manhunt,2021,TV-MA,72 min,"Documentary, Crime, History",6.3,nil,"1,379"
Vellam,I 2021,not rated,154 min,"Biography, Drama",7.7,nil,"1,377"
 Your Honor,2020–2021,TV-MA,57 min,"Crime, Drama, Thriller",8.1,nil,"1,373"
 Dracula,2021– ,not rated,nil,"Comedy, Drama",9.6,nil,"1,371"
 Racket Boys,2021– ,not rated,nil,"Comedy, Drama, Sport",1.0,nil,"1,370"
 Castlevania,2017–2021,TV-MA,27 min,"Animation, Action, Adventure",9.4,nil,"1,368"
Cabras da Peste,2021,TV-14,97 min,"Action, Comedy, Crime",6.2,nil,"1,368"
Shukra,2021,not rated,119 min,Drama,7.5,nil,"1,357"
 Fear the Walking Dead,2015– ,TV-MA,47 min,"Drama, Horror, Sci-Fi",8.2,nil,"1,355"
 Sweet Tooth,2021– ,TV-14,nil,"Action, Adventure, Drama",8.1,nil,"1,352"
 This Is Us,2016–2022,TV-14,43 min,"Comedy, Drama, Romance",9.0,nil,"1,352"
False Positive,2021,R,92 min,"Horror, Mystery, Thriller",4.7,54        ,"1,352"
 Jujutsu Kaisen,2020– ,TV-MA,24 min,"Animation, Action, Adventure",8.2,nil,"1,346"
 One Piece,1999– ,TV-14,nil,"Animation, Action, Adventure",9.2,nil,"1,345"
 The Promised Neverland,2019–2021,TV-14,23 min,"Animation, Adventure, Drama",8.6,nil,"1,341"
 Racket Boys,2021– ,not rated,nil,"Comedy, Drama, Sport",1.0,nil,"1,340"
 The Blacklist,2013– ,TV-14,43 min,"Crime, Drama, Mystery",4.6,nil,"1,339"
 Jujutsu Kaisen,2020– ,TV-MA,24 min,"Animation, Action, Adventure",8.1,nil,"1,338"
G - Zombie,2021,not rated,116 min,Sci-Fi,7.1,nil,"1,338"
Porodica,2021– ,not rated,nil,"Drama, History",7.5,nil,"1,338"
 One Piece,1999– ,TV-14,nil,"Animation, Action, Adventure",9.0,nil,"1,335"
 Resident Alien,2021– ,TV-14,44 min,"Comedy, Drama, Mystery",8.0,nil,"1,334"
Mosagallu,2021,not rated,85 min,Drama,6.3,nil,"1,334"
Jakob's Wife,2021,Not Rated,98 min,Horror,5.3,59        ,"1,333"
One and the Same,2021,Not Rated,110 min,Mystery,6.7,nil,"1,332"
 One Piece,1999– ,TV-14,nil,"Animation, Action, Adventure",9.0,nil,"1,330"
 Behind Her Eyes,2021,TV-MA,50 min,"Drama, Mystery, Thriller",8.2,nil,"1,313"
We Are Lady Parts,2021– ,TV-MA,24 min,"Comedy, Music",7.9,nil,"1,312"
Can't Get You Out of My Head,2021,not rated,nil,"Documentary, History",8.6,nil,"1,311"
Yesilçam: Bir Sinema Hayvani,2021– ,not rated,nil,"Drama, History, Romance",8.1,nil,"1,309"
Grace,2021– ,not rated,90 min,"Crime, Drama, Mystery",7.1,nil,"1,305"
MMOF,2021,not rated,108 min,Drama,7.1,nil,"1,300"
 Superman and Lois,2021– ,TV-PG,nil,"Action, Adventure, Drama",8.2,nil,"1,298"
 Young Rock,2021– ,TV-PG,21 min,Comedy,7.6,nil,"1,294"
 Your Honor,2020–2021,TV-MA,56 min,"Crime, Drama, Thriller",8.0,nil,"1,288"
 Bang Baang,2021– ,not rated,nil,"Action, Thriller",9.3,nil,"1,281"
 Fear the Walking Dead,2015– ,TV-MA,48 min,"Drama, Horror, Sci-Fi",8.0,nil,"1,280"
Wagle Ki Duniya,2021– ,not rated,nil,Comedy,9.3,nil,"1,278"
I want to be alive,2021– ,TV-14,50 min,"Drama, Romance, Thriller",6.2,nil,"1,276"
 One Piece,1999– ,TV-14,nil,"Animation, Action, Adventure",9.2,nil,"1,268"
 The Handmaid's Tale,2017– ,TV-MA,57 min,"Drama, Sci-Fi, Thriller",8.6,nil,"1,267"
 Wynonna Earp,2016–2021,TV-MA,43 min,"Action, Drama, Fantasy",9.4,nil,"1,262"
 The Blacklist,2013– ,TV-14,42 min,"Crime, Drama, Mystery",5.1,nil,"1,258"
Rang De,2021,not rated,130 min,"Comedy, Drama, Romance",6.8,nil,"1,258"
The Crime of the Century,2021,TV-MA,231 min,"Documentary, Crime",8.1,nil,"1,254"
Hello Jee,2021– ,not rated,22 min,"Romance, Thriller",7.9,nil,"1,248"
Body Brokers,2021,R,111 min,"Crime, Drama, Thriller",6.2,64        ,"1,245"
Secrets of Sulphur Springs,2021– ,TV-PG,24 min,"Adventure, Drama, Family",7.8,nil,"1,244"
OK Computer,2021– ,not rated,240 min,"Comedy, Crime, Mystery",5.4,nil,"1,242"
 Jujutsu Kaisen,2020– ,TV-MA,24 min,"Animation, Action, Adventure",8.2,nil,"1,242"
 One Piece,1999– ,TV-14,nil,"Animation, Action, Adventure",9.5,nil,"1,238"
 Jupiter's Legacy,2021,TV-MA,35 min,"Action, Adventure, Drama",7.0,nil,"1,238"
 Your Honor,2020–2021,TV-MA,58 min,"Crime, Drama, Thriller",7.7,nil,"1,235"
 Young Rock,2021– ,TV-14,21 min,Comedy,7.9,nil,"1,233"
 One Piece,1999– ,TV-14,nil,"Animation, Action, Adventure",9.3,nil,"1,231"
Kill Plan,2021,not rated,71 min,Thriller,5.2,nil,"1,229"
P!nk: All I Know So Far,2021,TV-14,99 min,"Documentary, Biography, Music",8.0,60        ,"1,224"
Son Yaz,2021– ,not rated,120 min,Drama,7.9,nil,"1,221"
Seobok,2021,TV-MA,114 min,"Action, Sci-Fi, Thriller",6.2,nil,"1,218"
"Money, Explained",2021,TV-14,23 min,Documentary,6.9,nil,"1,217"
Dom,2021– ,TV-MA,60 min,"Crime, Drama",7.2,nil,"1,216"
 Fear the Walking Dead,2015– ,TV-MA,45 min,"Drama, Horror, Sci-Fi",8.1,nil,"1,216"
 One Piece,1999– ,TV-14,nil,"Animation, Action, Adventure",9.4,nil,"1,215"
Bad Luck Banging or Loony Porn,2021,not rated,106 min,"Comedy, Drama",6.8,67        ,"1,213"
Kenan,2021– ,TV-PG,nil,Comedy,5.6,nil,"1,206"
 One Piece,1999– ,TV-14,nil,"Animation, Action, Adventure",9.1,nil,"1,196"
Headspace Guide to Meditation,2021,TV-G,173 min,"Documentary, Animation",8.5,nil,"1,195"
 Anne Boleyn,2021– ,not rated,nil,"Drama, History",3.9,nil,"1,194"
A Writer's Odyssey,2021,not rated,130 min,"Action, Adventure, Crime",6.3,nil,"1,190"
Daughter from Another Mother,2021– ,TV-MA,nil,"Comedy, Drama, Fantasy",7.4,nil,"1,184"
Marvel Studios: Assembled,2021– ,TV-14,58 min,Documentary,8.0,nil,"1,183"
 The Flash,2014– ,TV-PG,42 min,"Action, Adventure, Drama",6.5,nil,"1,176"
 Riverdale,2017– ,TV-14,41 min,"Crime, Drama, Mystery",7.6,nil,"1,172"
 Your Honor,2020–2021,TV-MA,52 min,"Crime, Drama, Thriller",8.1,nil,"1,172"
Ride or Die,III 2021,TV-MA,142 min,"Drama, Romance, Thriller",5.4,64        ,"1,170"
 Resident Alien,2021– ,TV-14,44 min,"Comedy, Drama, Mystery",7.9,nil,"1,168"
1962: the War in the Hills,2021– ,not rated,45 min,"Action, Adventure, Drama",6.2,nil,"1,161"
" Re: Zero, Starting Life in Another World",2016– ,TV-14,30 min,"Animation, Adventure, Drama",9.7,nil,"1,159"
 Young Rock,2021– ,TV-14,nil,Comedy,8.7,nil,"1,158"
 Jupiter's Legacy,2021,TV-MA,44 min,"Action, Adventure, Drama",7.2,nil,"1,151"
The Stay,2021,not rated,87 min,Thriller,6.4,nil,"1,150"
 One Piece,1999– ,TV-14,nil,"Animation, Action, Adventure",9.5,nil,"1,148"
Sensation,2021,not rated,96 min,"Mystery, Sci-Fi, Thriller",4.4,nil,"1,148"
 Young Rock,2021– ,TV-PG,nil,Comedy,7.9,nil,"1,142"
Detective Chinatown 3,2021,R,136 min,"Action, Adventure, Comedy",5.7,nil,"1,142"
 Young Rock,2021– ,TV-PG,nil,Comedy,8.2,nil,"1,137"
Hoodman,2021,not rated,98 min,"Crime, Horror, Thriller",6.3,nil,"1,136"
Agent Revelation,2021,not rated,86 min,"Action, Sci-Fi, Thriller",5.6,nil,"1,132"
 The Blacklist,2013– ,TV-14,43 min,"Crime, Drama, Mystery",8.7,nil,"1,130"
Sweet & Sour,2021,TV-14,101 min,"Comedy, Romance",6.8,nil,"1,128"
A (Ad Infinitum),2021,not rated,153 min,"Family, Thriller",8.4,nil,"1,127"
Downfalls High,2021,not rated,46 min,"Drama, Musical, Romance",7.5,nil,"1,125"
 IMDb on the Scene - Interviews,2017– ,Not Rated,nil,Talk-Show,7.9,nil,"1,120"
 Snowpiercer,2020– ,TV-MA,47 min,"Action, Drama, Sci-Fi",7.9,nil,"1,114"
Dystopia,2021– ,not rated,nil,Horror,8.3,nil,"1,112"
"Hi, Mom",2021,not rated,128 min,"Comedy, Drama, Fantasy",7.1,nil,"1,111"
 Resident Alien,2021– ,TV-14,45 min,"Comedy, Drama, Mystery",8.2,nil,"1,109"
 Wynonna Earp,2016–2021,TV-14,nil,"Action, Drama, Fantasy",9.3,nil,"1,108"
 Snowpiercer,2020– ,TV-MA,46 min,"Action, Drama, Sci-Fi",8.4,nil,"1,108"
 Walker,2021– ,TV-PG,42 min,"Action, Crime, Drama",6.9,nil,"1,100"
 Resident Alien,2021– ,TV-14,46 min,"Comedy, Drama, Mystery",8.4,nil,"1,099"
Check,2021,not rated,140 min,Action,6.6,nil,"1,098"
Rutherford Falls,2021– ,TV-14,nil,Comedy,6.5,nil,"1,098"
 The Flash,2014– ,TV-PG,42 min,"Action, Adventure, Drama",7.5,nil,"1,097"
Vivy: Fluorite Eye's Song,2021– ,not rated,nil,"Animation, Action, Sci-Fi",8.7,nil,"1,096"
Trigger Point,2021,not rated,85 min,"Action, Thriller",4.8,nil,"1,096"
 Young Rock,2021– ,TV-PG,nil,Comedy,8.3,nil,"1,095"
 Supergirl,2015–2021,TV-14,nil,"Action, Adventure, Drama",7.9,nil,"1,094"
Khuda Aur Mohabbat 3,2021,not rated,40 min,Drama,9.1,nil,"1,091"
 Bang Baang,2021– ,not rated,nil,"Action, Thriller",9.3,nil,"1,091"
Akinci,2021– ,not rated,120 min,"Action, Adventure, Crime",2.6,nil,"1,091"
Tony Parker: The Final Shot,2021,TV-14,98 min,"Documentary, Biography, Sport",6.7,nil,"1,090"
 The Flash,2014– ,TV-PG,42 min,"Action, Adventure, Drama",6.6,nil,"1,089"
LOL: Last One Laughing Italy,2021– ,not rated,nil,Comedy,7.4,nil,"1,089"
 Line of Duty,2012– ,TV-14,57 min,"Crime, Drama, Mystery",9.2,nil,"1,086"
 Black Clover,2017–2021,TV-PG,24 min,"Animation, Action, Adventure",9.5,nil,"1,086"
Boogie,2021,R,90 min,Drama,5.2,54        ,"1,086"
 Behind Her Eyes,2021,TV-MA,50 min,"Drama, Mystery, Thriller",7.0,nil,"1,085"
A Glitch in the Matrix,2021,Not Rated,108 min,Documentary,5.2,62        ,"1,084"
Play Back,2021,not rated,138 min,"Crime, Fantasy, Romance",8.2,nil,"1,084"
Elite Short Stories: Carla Samuel,2021,TV-MA,43 min,"Short, Drama, Romance",7.1,nil,"1,080"
 The Rookie,2018– ,TV-14,nil,"Comedy, Crime, Drama",5.9,nil,"1,080"
Live Telecast,2021– ,not rated,32 min,Horror,4.2,nil,"1,079"
 Superman and Lois,2021– ,TV-PG,nil,"Action, Adventure, Drama",8.6,nil,"1,079"
 Jupiter's Legacy,2021,TV-MA,48 min,"Action, Adventure, Drama",6.9,nil,"1,079"
 Anne Boleyn,2021– ,not rated,nil,"Drama, History",3.9,nil,"1,078"
Physical,2021– ,TV-MA,nil,"Comedy, Drama",7.0,nil,"1,076"
Elite Short Stories: Guzmán Caye Rebe,2021,TV-MA,36 min,"Short, Crime, Drama",7.5,nil,"1,074"
 The Handmaid's Tale,2017– ,TV-MA,52 min,"Drama, Sci-Fi, Thriller",8.3,nil,"1,074"
 Fate: The Winx Saga,2021– ,TV-MA,53 min,"Action, Adventure, Drama",7.2,nil,"1,072"
 One Piece,1999– ,TV-14,nil,"Animation, Action, Adventure",9.4,nil,"1,069"
 The Rookie,2018– ,TV-14,42 min,"Comedy, Crime, Drama",6.1,nil,"1,068"
 Master of None,2015– ,TV-MA,55 min,"Comedy, Drama",5.8,nil,"1,066"
 Sweet Tooth,2021– ,TV-14,nil,"Action, Adventure, Drama",8.3,nil,"1,061"
The Candidate,2021,not rated,nil,"Short, Horror",9.0,nil,"1,060"
 The Blacklist,2013– ,TV-14,42 min,"Crime, Drama, Mystery",8.9,nil,"1,054"
The Boarding School: Las Cumbres,2021– ,Not Rated,nil,"Drama, Mystery, Thriller",6.5,nil,"1,053"
 It's a Sin,2021,TV-MA,49 min,"Comedy, Drama, History",9.4,nil,"1,053"
Sasquatch,2021,TV-MA,138 min,"Documentary, Crime, History",6.2,nil,"1,052"
Zero Chill,2021– ,TV-G,nil,"Comedy, Drama, Family",5.7,nil,"1,052"
 Jupiter's Legacy,2021,TV-MA,56 min,"Action, Adventure, Drama",7.9,nil,"1,049"
 The Blacklist,2013– ,TV-14,42 min,"Crime, Drama, Mystery",6.4,nil,"1,044"
Hükümsüz,2021– ,not rated,40 min,"Drama, Mystery, Thriller",6.9,nil,"1,041"
 IMDb on the Scene - Interviews,2017– ,Not Rated,nil,Talk-Show,9.3,nil,"1,039"
 It's a Sin,2021,TV-MA,46 min,"Comedy, Drama, History",8.5,nil,"1,038"
The Force Awakens from Its Nap,2021,TV-PG,3 min,"Animation, Short, Comedy",6.2,nil,"1,037"
 The Promised Neverland,2019–2021,TV-14,23 min,"Animation, Adventure, Drama",8.1,nil,"1,037"
 Lupin,2021– ,TV-MA,43 min,"Action, Crime, Drama",7.1,nil,"1,033"
 The Promised Neverland,2019–2021,TV-14,23 min,"Animation, Adventure, Drama",6.4,nil,"1,032"
True,2021,not rated,92 min,Thriller,8.9,nil,"1,030"
 Fear the Walking Dead,2015– ,TV-MA,nil,"Drama, Horror, Sci-Fi",8.2,nil,"1,029"
North Hollywood,2021,Not Rated,93 min,"Comedy, Drama",6.2,nil,"1,027"
Double Dad,2021,TV-G,103 min,"Comedy, Drama, Family",5.7,nil,"1,024"
Tempt Raja,2021,not rated,108 min,Comedy,9.0,nil,"1,023"
 Bang Baang,2021– ,not rated,nil,"Action, Thriller",9.4,nil,"1,023"
 It's a Sin,2021,TV-MA,48 min,"Comedy, Drama, History",9.2,nil,"1,020"
Welcome to Utmark,2021– ,not rated,nil,"Comedy, Drama",7.9,nil,"1,018"
 The Blacklist,2013– ,TV-14,43 min,"Crime, Drama, Mystery",8.6,nil,"1,017"
Amend: The Fight for America,I 2021,TV-MA,nil,"Documentary, History",7.9,nil,"1,015"
 Bang Baang,2021– ,not rated,nil,"Action, Thriller",9.4,nil,"1,015"
 Jupiter's Legacy,2021,TV-MA,36 min,"Action, Adventure, Drama",7.4,nil,"1,014"
Call Your Mother,2021,TV-PG,22 min,Comedy,5.2,nil,"1,012"
Safer at Home,2021,R,82 min,Thriller,4.8,35        ,"1,011"
 This Is Us,2016–2022,TV-14,43 min,"Comedy, Drama, Romance",9.1,nil,"1,010"
 To Your Eternity,2021– ,not rated,25 min,"Animation, Adventure, Drama",9.7,nil,"1,010"
 The Flash,2014– ,TV-PG,42 min,"Action, Adventure, Drama",7.5,nil,"1,009"
 Bang Baang,2021– ,not rated,nil,"Action, Thriller",9.3,nil,"1,006"
 The Promised Neverland,2019–2021,TV-14,23 min,"Animation, Adventure, Drama",7.8,nil,"1,005"
 Star Wars: The Bad Batch,2021– ,TV-PG,25 min,"Animation, Action, Adventure",8.5,nil,"1,003"
 Fate: The Winx Saga,2021– ,TV-MA,53 min,"Action, Adventure, Drama",8.1,nil,"1,003"
 Wynonna Earp,2016–2021,TV-14,43 min,"Action, Drama, Fantasy",9.5,nil,998
 One Piece,1999– ,TV-14,nil,"Animation, Action, Adventure",9.2,nil,998
Hey There!,2021,Not Rated,82 min,Comedy,6.2,nil,996
 The Promised Neverland,2019–2021,TV-14,23 min,"Animation, Adventure, Drama",7.0,nil,995
Queen of Beggars Aka Malake Gedayan,2021– ,not rated,nil,"Drama, Mystery, Romance",5.1,nil,992
 The Stand,2020–2021,TV-MA,60 min,"Adventure, Drama, Fantasy",6.9,nil,990
 Bang Baang,2021– ,not rated,nil,"Action, Thriller",9.3,nil,990
The Houseboat,2021– ,TV-14,nil,Documentary,7.3,nil,989
 The Good Doctor,2017– ,TV-14,43 min,Drama,5.0,nil,989
 Fear the Walking Dead,2015– ,TV-MA,42 min,"Drama, Horror, Sci-Fi",7.3,nil,989
400 Bullets,2021,Not Rated,89 min,Action,4.6,nil,988
 Jupiter's Legacy,2021,TV-MA,48 min,"Action, Adventure, Drama",7.1,nil,986
 Wynonna Earp,2016–2021,TV-14,43 min,"Action, Drama, Fantasy",9.6,nil,983
United States of Al,2021– ,TV-PG,30 min,Comedy,5.9,nil,983
 Bang Baang,2021– ,not rated,nil,"Action, Thriller",9.3,nil,980
Devineni,2021,not rated,122 min,Drama,9.7,nil,979
 Grey's Anatomy,2005– ,TV-14,nil,"Drama, Romance",5.1,nil,978
Nabillera,2021– ,not rated,60 min,Drama,8.8,nil,977
Ninnila Ninnila,2021,not rated,118 min,"Comedy, Romance",7.7,nil,977
 Superstore,2015–2021,TV-14,nil,Comedy,9.6,nil,976
 Superman and Lois,2021– ,TV-PG,nil,"Action, Adventure, Drama",8.7,nil,975
 The Nevers,2021– ,TV-MA,63 min,"Action, Drama, Fantasy",7.8,nil,973
 Wynonna Earp,2016–2021,TV-14,43 min,"Action, Drama, Fantasy",9.4,nil,970
 Line of Duty,2012– ,TV-14,57 min,"Crime, Drama, Mystery",9.1,nil,969
 Jupiter's Legacy,2021,TV-MA,44 min,"Action, Adventure, Drama",7.4,nil,969
 Bang Baang,2021– ,not rated,nil,"Action, Thriller",9.3,nil,968
"Don't Toy with Me, Miss Nagatoro",2021– ,TV-14,24 min,"Animation, Comedy, Romance",7.6,nil,968
Zero,2021– ,TV-MA,27 min,"Action, Comedy, Drama",5.6,nil,968
Breaking Boundaries: The Science of Our Planet,2021,TV-PG,73 min,Documentary,7.8,nil,965
Aarkkariyam,2021,not rated,126 min,Drama,7.0,nil,964
 Bang Baang,2021– ,not rated,nil,"Action, Thriller",9.3,nil,959
 Bang Baang,2021– ,not rated,nil,"Action, Thriller",9.3,nil,956
Firebird,2021,not rated,107 min,"Drama, Romance",8.1,nil,953
 The Blacklist,2013– ,TV-14,43 min,"Crime, Drama, Mystery",7.2,nil,951
 Formula 1: Drive to Survive,2019– ,TV-MA,51 min,"Documentary, Sport",9.4,nil,946
Glaciär,2021,not rated,88 min,Drama,6.2,nil,946
Taking a Shot at Love,2021 TV Movie,TV-G,84 min,"Drama, Romance",7.2,nil,941
It Was Always You,2021 TV Movie,TV-G,86 min,"Comedy, Drama, Romance",7.1,nil,938
 The Stand,2020–2021,TV-MA,61 min,"Adventure, Drama, Fantasy",6.9,nil,935
 Behind Her Eyes,2021,TV-MA,49 min,"Drama, Mystery, Thriller",7.2,nil,934
 One Piece,1999– ,TV-14,nil,"Animation, Action, Adventure",9.3,nil,933
 Resident Alien,2021– ,TV-14,46 min,"Comedy, Drama, Mystery",8.1,nil,932
 Dracula,2021– ,not rated,nil,"Comedy, Drama",9.6,nil,931
 The Flash,2014– ,TV-PG,42 min,"Action, Adventure, Drama",7.1,nil,931
L'ultimo paradiso,2021,TV-MA,107 min,"Drama, Romance",5.6,nil,931
Mehndi Hai Rachne Waali,2021– ,not rated,nil,Drama,8.7,nil,927
 Line of Duty,2012– ,TV-14,57 min,"Crime, Drama, Mystery",7.8,nil,926
 One Piece,1999– ,TV-14,nil,"Animation, Action, Adventure",9.1,nil,924
 Riverdale,2017– ,TV-PG,42 min,"Crime, Drama, Mystery",8.5,nil,924
 It's a Sin,2021,TV-MA,47 min,"Comedy, Drama, History",8.7,nil,922
 Castlevania,2017–2021,TV-MA,24 min,"Animation, Action, Adventure",9.1,nil,920
 Snowpiercer,2020– ,TV-MA,48 min,"Action, Drama, Sci-Fi",7.7,nil,920
 IMDb on the Scene - Interviews,2017– ,Not Rated,nil,Talk-Show,7.6,nil,917
 Wynonna Earp,2016–2021,TV-14,54 min,"Action, Drama, Fantasy",9.6,nil,910
 Fate: The Winx Saga,2021– ,TV-MA,48 min,"Action, Adventure, Drama",7.4,nil,909
Dancing Queens,2021,TV-MA,110 min,"Comedy, Drama",5.4,nil,905
Elite Short Stories: Nadia Guzmán,2021,TV-MA,33 min,"Short, Drama, Romance",6.4,nil,904
 Sweet Tooth,2021– ,TV-14,nil,"Action, Adventure, Drama",8.0,nil,902
 Superman and Lois,2021– ,TV-PG,nil,"Action, Adventure, Drama",8.6,nil,898
Law School,2021– ,not rated,65 min,"Crime, Drama, Mystery",8.1,nil,895
 Clarice,2021– ,TV-14,42 min,"Crime, Drama, Mystery",7.0,nil,895
Dark Web: Cicada 3301,2021,R,104 min,"Action, Comedy, Thriller",4.9,nil,894
 Sweet Tooth,2021– ,TV-14,nil,"Action, Adventure, Drama",7.8,nil,893
Caught by a Wave,2021,TV-14,99 min,"Drama, Romance, Sport",5.7,nil,892
 Castlevania,2017–2021,TV-MA,24 min,"Animation, Action, Adventure",8.3,nil,891
The Lady and the Dale,2021,TV-14,212 min,"Documentary, Biography, Crime",6.8,nil,891
The Last Cruise,2021,TV-14,40 min,"Documentary, Short",6.4,75        ,889
Seance,2021,R,92 min,"Horror, Mystery",5.3,45        ,887
Ammaa Ki Boli,2021,not rated,117 min,"Comedy, Drama",7.9,nil,883
 The Flash,2014– ,TV-PG,42 min,"Action, Adventure, Drama",5.7,nil,883
LOL - Hasse Toh Phasse,2021– ,not rated,nil,Comedy,3.8,nil,882
Ögrenci Evi,2021– ,not rated,50 min,"Comedy, Drama, Romance",5.6,nil,882
 It's a Sin,2021,TV-MA,48 min,"Comedy, Drama, History",9.0,nil,882
Qubool Hai 2.0,2021– ,not rated,23 min,Romance,8.6,nil,881
 The Rookie,2018– ,TV-14,43 min,"Comedy, Crime, Drama",7.9,nil,881
 The Serpent,2021,TV-MA,59 min,"Crime, Drama, Thriller",7.2,nil,880
 Lupin,2021– ,TV-MA,50 min,"Action, Crime, Drama",8.2,nil,879
 Sweet Tooth,2021– ,TV-14,nil,"Action, Adventure, Drama",8.7,nil,879
 Behind Her Eyes,2021,TV-MA,50 min,"Drama, Mystery, Thriller",7.2,nil,879
 Batwoman,2019– ,TV-14,41 min,"Action, Adventure, Crime",5.0,nil,878
 Fate: The Winx Saga,2021– ,TV-MA,51 min,"Action, Adventure, Drama",7.5,nil,876
Nate Bargatze: The Greatest Average American,2021 TV Special,TV-G,60 min,Comedy,7.3,nil,873
 The Nevers,2021– ,TV-MA,56 min,"Action, Drama, Fantasy",8.2,nil,871
 Mythic Quest: Raven's Banquet,2020– ,TV-MA,37 min,Comedy,9.3,nil,870
 The Promised Neverland,2019–2021,TV-14,23 min,"Animation, Adventure, Drama",8.1,nil,870
 Black Clover,2017–2021,TV-14,24 min,"Animation, Action, Adventure",9.6,nil,870
The Lockdown Hauntings,2021,not rated,101 min,Horror,5.4,nil,869
 Racket Boys,2021– ,not rated,83 min,"Comedy, Drama, Sport",1.0,nil,867
Sreekaram,2021,not rated,122 min,Drama,7.0,nil,866
Ankara,2021– ,Not Rated,nil,"Action, Drama",7.2,nil,865
 The Blacklist,2013– ,TV-14,43 min,"Crime, Drama, Mystery",8.6,nil,864
 Resident Alien,2021– ,TV-14,46 min,"Comedy, Drama, Mystery",8.2,nil,864
 Behind Her Eyes,2021,TV-MA,46 min,"Drama, Mystery, Thriller",7.6,nil,864
 Racket Boys,2021– ,not rated,78 min,"Comedy, Drama, Sport",1.0,nil,863
 This Is Us,2016–2022,TV-14,43 min,"Comedy, Drama, Romance",8.9,nil,863
 Riverdale,2017– ,TV-14,42 min,"Crime, Drama, Mystery",7.2,nil,862
 The Nevers,2021– ,TV-MA,57 min,"Action, Drama, Fantasy",8.3,nil,857
Spirit Untamed,2021,PG,88 min,"Animation, Adventure, Family",5.4,48        ,856
Hero Mode,2021,PG,88 min,Comedy,5.0,46        ,856
 Snowpiercer,2020– ,TV-MA,45 min,"Action, Drama, Sci-Fi",7.7,nil,854
 Behind Her Eyes,2021,TV-MA,53 min,"Drama, Mystery, Thriller",7.5,nil,854
 Racket Boys,2021– ,not rated,64 min,"Comedy, Drama, Sport",1.0,nil,853
 Fate: The Winx Saga,2021– ,TV-MA,50 min,"Action, Adventure, Drama",7.7,nil,852
 The Rookie,2018– ,TV-14,43 min,"Comedy, Crime, Drama",6.3,nil,851
Elite Short Stories: Omar Ander Alexis,2021,TV-MA,35 min,"Short, Drama",7.5,nil,847
 The Blacklist,2013– ,TV-14,42 min,"Crime, Drama, Mystery",6.4,nil,847
 Resident Alien,2021– ,TV-14,45 min,"Comedy, Drama, Mystery",8.2,nil,845
 Snowpiercer,2020– ,TV-MA,47 min,"Action, Drama, Sci-Fi",8.2,nil,844
 The Blacklist,2013– ,TV-14,43 min,"Crime, Drama, Mystery",6.5,nil,843
Clairevoyant,2021,not rated,90 min,"Comedy, Drama",7.7,nil,843
 Allen v. Farrow,2021,TV-MA,56 min,"Documentary, Biography, Crime",5.1,nil,842
Ghost Lab,2021,TV-MA,117 min,"Drama, Horror, Thriller",5.2,nil,840
Kemono Jihen,2021– ,not rated,24 min,"Animation, Action, Fantasy",7.5,nil,838
 Superman and Lois,2021– ,TV-PG,nil,"Action, Adventure, Drama",8.8,nil,836
 Walker,2021– ,TV-14,42 min,"Action, Crime, Drama",7.4,nil,833
 Fate: The Winx Saga,2021– ,TV-MA,47 min,"Action, Adventure, Drama",7.5,nil,830
Oprah with Meghan and Harry: A CBS Primetime Special,2021 TV Special,TV-PG,86 min,Talk-Show,5.2,nil,829
Hige o Soru. Soshite Joshikousei o Hirou.,2021– ,not rated,23 min,"Animation, Comedy, Drama",7.9,nil,829
 Resident Alien,2021– ,TV-14,46 min,"Comedy, Drama, Mystery",8.4,nil,828
Security,2021,TV-MA,118 min,Thriller,4.9,nil,827
 Castlevania,2017–2021,TV-MA,24 min,"Animation, Action, Adventure",8.2,nil,826
 Superstore,2015–2021,TV-14,nil,Comedy,6.5,nil,826
 Lupin,2021– ,TV-MA,44 min,"Action, Crime, Drama",7.3,nil,826
 Riverdale,2017– ,TV-14,42 min,"Crime, Drama, Mystery",7.5,nil,824
 Tandav,2021– ,TV-14,38 min,"Drama, Thriller",5.3,nil,824
 Resident Alien,2021– ,TV-14,46 min,"Comedy, Drama, Mystery",8.5,nil,824
 The Flash,2014– ,TV-PG,42 min,"Action, Adventure, Drama",5.9,nil,823
 Superman and Lois,2021– ,TV-PG,nil,"Action, Adventure, Drama",9.4,nil,823
The 93rd Oscars,2021 TV Special,TV-14,150 min,nil,3.5,nil,821
 Castlevania,2017–2021,TV-MA,29 min,"Animation, Action, Adventure",8.4,nil,820
Kadhanika,2021,not rated,128 min,Thriller,8.9,nil,818
 My Hero Academia,2016– ,TV-14,24 min,"Animation, Action, Adventure",6.9,nil,816
Eoneu Nal Uri Jib Hyeongwaeuro Myeolmangyi Deuleowassda,2021– ,not rated,65 min,"Drama, Fantasy, Romance",8.7,nil,816
 The Rookie,2018– ,TV-14,nil,"Comedy, Crime, Drama",6.3,nil,816
 The Stand,2020–2021,TV-MA,57 min,"Adventure, Drama, Fantasy",6.5,nil,812
 Black Clover,2017–2021,TV-PG,24 min,"Animation, Action, Adventure",9.3,nil,812
 Black Clover,2017–2021,TV-PG,24 min,"Animation, Action, Adventure",9.6,nil,811
 This Is Us,2016–2022,TV-14,42 min,"Comedy, Drama, Romance",8.6,nil,810
Chernobyl: Abyss,2021,not rated,136 min,"Comedy, Drama, History",4.4,nil,806
Alludu Adhurs,2021,not rated,149 min,"Action, Comedy",3.3,nil,804
Sailor Moon Eternal,2021,TV-14,160 min,"Animation, Action, Adventure",7.2,nil,804
Zero Nine,2021,not rated,93 min,"Action, Crime, Thriller",8.6,nil,803
Punky Brewster,2021– ,TV-PG,nil,Comedy,6.9,nil,803
 The Promised Neverland,2019–2021,TV-14,23 min,"Animation, Adventure, Drama",6.2,nil,801
 The Promised Neverland,2019–2021,TV-14,23 min,"Animation, Adventure, Drama",6.6,nil,801
 Sweet Tooth,2021– ,TV-14,nil,"Action, Adventure, Drama",7.9,nil,800
 Snowpiercer,2020– ,TV-MA,48 min,"Action, Drama, Sci-Fi",7.9,nil,798
 American Gods,2017–2021,TV-MA,51 min,"Drama, Fantasy, Mystery",6.3,nil,796
Topi,2021,not rated,60 min,"Drama, Thriller",6.8,nil,795
Kisah untuk Geri,2021,not rated,nil,"Drama, Romance",9.6,nil,794
 Snowpiercer,2020– ,TV-MA,47 min,"Action, Drama, Sci-Fi",7.2,nil,794
Ishk Par Zor Nahin,2021– ,not rated,nil,Drama,9.0,nil,793
 This Is Us,2016–2022,TV-14,43 min,"Comedy, Drama, Romance",8.2,nil,793
 Superman and Lois,2021– ,TV-PG,nil,"Action, Adventure, Drama",8.8,nil,792
 The Stand,2020–2021,TV-PG,49 min,"Adventure, Drama, Fantasy",6.4,nil,787
Kamali from Nadukkaveri,2021,not rated,147 min,Drama,7.7,nil,786
 The Flash,2014– ,TV-PG,42 min,"Action, Adventure, Drama",6.0,nil,785
Stanley Tucci: Searching for Italy,2021– ,Not Rated,60 min,"Documentary, Reality-TV",8.7,nil,785
Contract,2021– ,not rated,nil,Crime,7.4,nil,783
Gwimul,2021– ,not rated,70 min,"Drama, Mystery, Thriller",8.2,nil,782
 Castlevania,2017–2021,TV-MA,28 min,"Animation, Action, Adventure",8.3,nil,781
 The Blacklist,2013– ,TV-14,43 min,"Crime, Drama, Mystery",6.4,nil,780
 Tandav,2021– ,TV-14,29 min,"Drama, Thriller",4.7,nil,780
 Castlevania,2017–2021,TV-MA,25 min,"Animation, Action, Adventure",8.4,nil,779
 Castlevania,2017–2021,TV-MA,26 min,"Animation, Action, Adventure",8.3,nil,779
Canine Intervention,2021– ,TV-14,nil,"Documentary, Reality-TV",6.5,nil,777
 The Rookie,2018– ,TV-14,nil,"Comedy, Crime, Drama",7.7,nil,769
Power Play,2021,not rated,135 min,Thriller,7.3,nil,766
 American Gods,2017–2021,TV-MA,56 min,"Drama, Fantasy, Mystery",7.5,nil,766
 Line of Duty,2012– ,TV-14,58 min,"Crime, Drama, Mystery",8.3,nil,763
 Batwoman,2019– ,TV-14,42 min,"Action, Adventure, Crime",5.6,nil,763
Zoya,2021,not rated,105 min,"Drama, War",3.8,nil,762
 Lupin,2021– ,TV-MA,41 min,"Action, Crime, Drama",7.4,nil,761
 The Blacklist,2013– ,TV-14,42 min,"Crime, Drama, Mystery",7.2,nil,761
 Sweet Tooth,2021– ,TV-14,nil,"Action, Adventure, Drama",8.6,nil,761
 Line of Duty,2012– ,TV-14,58 min,"Crime, Drama, Mystery",8.2,nil,759
 Night Stalker: The Hunt for a Serial Killer,2021,TV-MA,48 min,"Documentary, Crime, Mystery",7.6,nil,759
 The Blacklist,2013– ,TV-14,42 min,"Crime, Drama, Mystery",8.7,nil,758
 The Stand,2020–2021,TV-MA,57 min,"Adventure, Drama, Fantasy",6.6,nil,757
As Luck Would Have It,2021 TV Movie,TV-G,86 min,"Drama, Romance",7.0,nil,756
Gaia,2021,R,96 min,"Drama, Fantasy, Horror",5.5,64        ,755
 Servant,2019– ,TV-MA,26 min,"Drama, Horror, Mystery",7.3,nil,752
Creation Stories,2021,not rated,105 min,"Biography, Drama, Music",6.2,61        ,751
 Sweet Tooth,2021– ,TV-14,nil,"Action, Adventure, Drama",8.0,nil,750
 Debris,2021,TV-14,43 min,"Drama, Mystery, Sci-Fi",7.4,nil,747
Devarakondalo Vijay Premakatha,2021,not rated,nil,Drama,8.4,nil,746
 Riverdale,2017– ,TV-14,41 min,"Crime, Drama, Mystery",6.9,nil,743
Dvorets dlya Putina. Istoriya samoy bolshoy vzyatki,2021,not rated,113 min,Documentary,8.9,nil,742
 The Blacklist,2013– ,TV-14,43 min,"Crime, Drama, Mystery",6.8,nil,740
Time to Dance,2021,not rated,113 min,"Musical, Romance",1.8,nil,738
Kabadadaari,2021,Not Rated,146 min,"Crime, Drama, Thriller",6.5,nil,737
To Olivia,2021,not rated,99 min,Drama,6.5,nil,736
Secret of the Ninth,2021,not rated,57 min,Documentary,9.2,nil,736
Animals on the Loose: A You vs. Wild Movie,2021 TV Movie,TV-PG,90 min,"Adventure, Reality-TV",5.9,nil,734
 Inside No. 9,2014– ,TV-MA,nil,"Comedy, Drama, Horror",6.7,nil,734
Kid Cosmic,2021– ,TV-Y7,25 min,"Animation, Action, Adventure",8.1,nil,732
Janowar,2021,not rated,77 min,"Crime, Drama, Thriller",8.2,nil,732
 Boruto: Naruto Next Generations,2017– ,TV-14,24 min,"Animation, Action, Adventure",9.3,nil,730
 The Stand,2020–2021,TV-MA,49 min,"Adventure, Drama, Fantasy",5.2,nil,729
 Line of Duty,2012– ,TV-14,57 min,"Crime, Drama, Mystery",8.4,nil,729
That Damn Michael Che,2021– ,TV-MA,30 min,Comedy,7.5,nil,729
When NEET aspirant met an IIT aspirant,2021,not rated,46 min,"Comedy, Romance",9.8,nil,727
 Snowpiercer,2020– ,TV-MA,48 min,"Action, Drama, Sci-Fi",7.3,nil,727
Pørni,2021– ,not rated,nil,"Comedy, Drama",8.4,nil,726
Batya,2021,not rated,76 min,"Comedy, Drama",6.7,nil,724
Donny's Bar Mitzvah,2021,not rated,79 min,"Comedy, Drama",7.3,nil,721
 Black Clover,2017–2021,TV-PG,24 min,"Animation, Action, Adventure",9.4,nil,721
Newton's Cradle,2021– ,not rated,nil,"Drama, Thriller",8.4,nil,721
Override,2021,TV-14,95 min,"Crime, Sci-Fi, Thriller",4.7,nil,720
 This Is Us,2016–2022,TV-14,43 min,"Comedy, Drama, Romance",8.3,nil,718
Ee Kathalo Paathralu Kalpitam,2021,not rated,119 min,"Drama, Thriller",7.1,nil,718
 The Blacklist,2013– ,TV-14,42 min,"Crime, Drama, Mystery",8.5,nil,716
Arlo the Alligator Boy,2021 TV Movie,TV-Y7,90 min,"Animation, Adventure, Comedy",6.7,nil,715
 Them,2021– ,TV-14,49 min,"Drama, Horror, Thriller",7.9,nil,714
 The Serpent,2021,TV-MA,58 min,"Crime, Drama, Thriller",7.5,nil,714
Me You Madness,2021,R,98 min,Comedy,3.7,7        ,713
 Riverdale,2017– ,TV-14,42 min,"Crime, Drama, Mystery",5.8,nil,713
 Grey's Anatomy,2005– ,TV-14,nil,"Drama, Romance",6.1,nil,712
 Lupin,2021– ,TV-MA,47 min,"Action, Crime, Drama",7.9,nil,712
 A Discovery of Witches,2018– ,TV-MA,nil,"Drama, Fantasy, Romance",8.0,nil,712
 For All Mankind,2019– ,TV-MA,56 min,"Drama, Sci-Fi",8.1,nil,711
Dead Places,2021– ,not rated,45 min,"Adventure, Horror, Thriller",6.8,nil,710
 Master of None,2015– ,TV-MA,52 min,"Comedy, Drama",6.8,nil,709
Hemingway,2021– ,TV-14,120 min,"Documentary, Biography",8.1,nil,709
RuPaul's Drag Race Down Under,2021– ,TV-MA,54 min,"Game-Show, Reality-TV",5.6,nil,708
 The Equalizer,2021– ,TV-14,44 min,"Action, Crime, Drama",6.2,nil,708
 Master of None,2015– ,TV-MA,25 min,"Comedy, Drama",5.7,nil,707
Trust,II 2021,not rated,94 min,"Drama, Romance",5.5,nil,706
Shook,2021,Not Rated,88 min,Horror,4.2,53        ,703
Endangered Species,2021,R,101 min,"Action, Thriller",4.5,nil,703
 This Is Us,2016–2022,TV-14,43 min,"Comedy, Drama, Romance",8.5,nil,702
 The Serpent,2021,TV-MA,58 min,"Crime, Drama, Thriller",8.1,nil,702
Edge of the World,2021,not rated,104 min,"Adventure, Drama",5.1,42        ,701
 Boruto: Naruto Next Generations,2017– ,TV-14,24 min,"Animation, Action, Adventure",9.4,nil,701
 Shameless,2011–2021,TV-MA,nil,"Comedy, Drama",8.9,nil,701
 Prodigal Son,2019–2021,TV-14,43 min,"Crime, Drama, Mystery",7.2,nil,701
